"","Nutrients","leaf.area","plant.height","seed.mass","leaf.mass"
"Rudbeckia_hirta","6",594.693836898396,0.3016,0.873607246753247,46.4989079147641
"Eupatorium_cannabinum","7",3235.61782107143,1.32410714285714,0.333412820512821,246.253542752889
"Arnica_montana","3",1848.38,0.2285,1.67,114.618
"Galinsoga_parviflora","8",441.7105,0.431904761904762,0.216666666666667,13.68
"Helianthus_tuberosus","8",19532.5,2.04676,4.40849866666667,620.084
"Xanthium_orientale","7",6825.5,0.557,310.25,870.85
"Ambrosia_artemisiifolia","6",1582.1444,0.604198611111111,3.99,83.868
"Ambrosia_trifida","7",6043.734,1.11,11,234.595
"Xanthium_strumarium","7",2527.1429205,0.679285714285714,191.991666666667,200.3156
"Bidens_radiata","8",9006.75,0.575,1.81416666666667,287.285
"Bidens_connata","8",1026.7,0.794564444444444,2.88052125,20.026
"Bidens_cernua","8",1934.685,0.537214857142857,20.9645766666667,63.345
"Bidens_tripartita","8",2823.21666666667,0.706133333333333,2.54637795238095,72.5195926577778
"Bidens_frondosa","8",2754.785,0.675506666666667,6.40968838095238,148.595454545455
"Helichrysum_arenarium","2",418.54,0.2,0.0765,23.478
"Anaphalis_margaritacea","5",908.06,0.6193,0.0732995555555555,294.0493736
"Filago_pyramidata","1",45.3753333333333,0.188571428571429,0.05,0.884
"Filago_lutescens","2",32,0.2125,0.0380888888888889,8.848
"Gnaphalium_sylvaticum","5",405.62261905,0.446875,0.0399519230769231,16.4461538461538
"Antennaria_dioica","2",81.312966458393,0.0794821428571429,0.0488571428571429,3.95166666666667
"Antennaria_carpatica","2",19,0.0833333333333333,0.08,1.247761194
"Gnaphalium_uliginosum","6",122.393636363636,0.177,0.0308193181818182,1.44333333333333
"Gnaphalium_supinum","4",24.5792693939394,0.0658,0.088,0.597317073170732
"Pulicaria_vulgaris","7",299.075,0.367053571428571,0.114673958333333,7.568
"Pulicaria_dysenterica","6",757.75,0.501785714285714,0.07075,39.326361505
"Buphthalmum_salicifolium","3",615.04133335,0.365,0.386666666666667,32.6716666666667
"Inula_britannica","5",1150.715,0.4125,0.128833333333333,61.534
"Inula_hirta","3",578.583333333333,0.340625,0.78,25.96
"Inula_salicina","4",514.2605,0.463285714285714,0.3325,34.0973333333333
"Inula_helenium","6",29788.0498184019,1.41388888888889,1.40466666666667,1118.17859375
"Solidago_virgaurea","4",1148.67390086793,0.444441077441077,0.383310178571429,83.4998704631649
"Solidago_canadensis","6",670.524479036945,1.08374465753425,0.371223320942663,67.6428845094427
"Solidago_gigantea","7",1330.64444444444,1.38133266666667,0.2780745,55.2185483166667
"Erigeron_annuus","6",979.588666666667,0.812527777777778,0.042,24.49171875
"Aster_amellus","3",431.768055561111,0.370833333333334,0.610756375,32.7782348484848
"Bellis_perennis","6",740.693793433615,0.11165266798419,0.150297435897436,22.5636164383403
"Artemisia_campestris","3",199.028333333333,0.331520833333333,0.14594708994709,12.345
"Artemisia_maritima","7",614.244,0.4417,0.75,40.7693333333333
"Artemisia_annua","6",288.741333333333,0.81,0.0283333333333333,30.1745
"Artemisia_absinthium","7",1964.375,0.817857142857143,0.100254285714286,84.896215104
"Artemisia_vulgaris","8",2535.40673455556,1.15995289855556,0.15131,208.44909088
"Achillea_collina","4",1112.95,0.573333333333333,0.146666666666667,61.944
"Achillea_millefolium","5",678.419554043892,0.362552032699295,0.188042205128205,52.5347441558362
"Achillea_ptarmica","4",217.5,0.670833333333333,0.233,5.617766497
"Tanacetum_corymbosum","4",1128.269,0.778125,0.51,65.672
"Tanacetum_vulgare","6",5055.0056666,0.825,0.158325,355.235234029992
"Anthemis_cotula","7",1745,0.404766666666667,0.42952,137.476708964286
"Anthemis_arvensis","6",459.068571428571,0.302533229111111,0.699091473214286,11.9733333333333
"Tripleurospermum_maritimum","7",217.935714285714,0.4225,0.26,44.0714285714286
"Leucanthemum_vulgare","5",514.395666041944,0.424115833333333,0.695827231292517,21.1783522111376
"Cotula_coronopifolia","7",205.27,0.1325,0.0730555555555556,5.352
"Doronicum_pardalianches","6",9760,0.765,0.27,238.5456342
"Calendula_arvensis","6",1120.8,0.2125,5.08833333333333,38.38
"Senecio_inaequidens","4",312.055,0.468,0.24275,14.451
"Senecio_vulgaris","7",1837.5,0.3102575,0.352656108843537,17.58510305
"Senecio_viscosus","4",2361,0.416666666666667,0.534910714285714,68.1148457733333
"Senecio_sylvaticus","7",5336,0.525,0.276638194444444,180.9838344
"Petasites_hybridus","8",228051.5,0.741666666666667,0.224677948717949,7596.7887335
"Homogyne_alpina","2",1949.76,0.140561111111111,0.755782666666667,44.45
"Tussilago_farfara","6",35846.7970003,0.211081481481481,0.288211428571429,5123.96764466667
"Crepis_biennis","6",4794.5531852,0.750285714285714,1.15845,211.611600653398
"Crepis_capillaris","4",2373.83333333333,0.450596832,0.216010511111111,51.79898105
"Crepis_paludosa","6",3632.368148,0.66,0.591608465608466,61.04492871
"Crepis_pyrenaica","6",3290.32,0.393333333333333,2.585,84.75
"Lapsana_communis","7",4064,0.913263888888889,1.01141666666667,59.2938448771429
"Picris_hieracioides","5",1812.81713650317,0.47025,1.19369907407407,84.0085956342857
"Leontodon_hispidus","6",1601.62425630063,0.258162337662338,1.21734655555556,65.5000789854106
"Leontodon_incanus","2",754.54,0.175,1.22753333333333,35.71
"Hypochaeris_maculata","3",2668.47846153846,0.402857142857143,1.64430833333333,128.729
"Hypochaeris_radicata","3",1613.05892043702,0.339277619033333,0.71781055050505,65.27721875
"Hypochaeris_glabra","2",1288.69643939394,0.193554873511905,0.61487575,27.2666968953247
"Prenanthes_purpurea","6",2132.6660877193,0.649642857142857,0.28,30.9596
"Chondrilla_juncea","3",524.157142857143,0.81,0.375,23.478
"Sonchus_palustris","7",5424.07,1.97678571428571,0.675146428571429,224.728
"Sonchus_asper","7",10708.3161197046,0.547698148922334,0.295733206060606,119.942328482353
"Sonchus_oleraceus","8",2800.13586702222,0.902588888888889,0.279153571428571,341.1361911
"Sonchus_arvensis","7",3526.44,1.028125,0.558452380952381,417.112647387192
"Lactuca_perennis","2",2742.906,0.4125,1.42466666666667,133.126
"Lactuca_serriola","6",3060.72066666667,1.0328125,0.4564625,150.318156692308
"Lactuca_virosa","7",7539.465,1.14154761904762,0.866586666666667,315.100786352381
"Lactuca_tatarica","5",1325.9,0.425,0.91,71.216
"Hieracium_maculatum","4",1772.657,0.41,0.4401,91.966
"Hieracium_sabaudum","4",1496.3252,0.429047619047619,0.4064,36.754
"Hieracium_umbellatum","3",1403.92666666667,0.63075,0.489180259259259,45.6816666666667
"Arnoseris_minima","3",1165.22,0.160555555555556,0.47,36.208
"Cichorium_intybus","5",5035.25,0.7459125,2.5669186969697,208.3947826
"Tragopogon_dubius","5",511.335,0.480191666666667,9.04950985185185,12.53
"Tragopogon_pratensis","6",1111.25659259259,0.439880952380952,7.01526753246753,50.5402488378026
"Scorzonera_humilis","3",3162,0.2855,3.67623333333333,151.9156
"Scorzonera_hispanica","3",2682.438,0.795833333333333,9.536475,194.054
"Centaurea_diffusa","3",417.726,0.383333333333333,2.72333333333333,16.862
"Centaurea_nigra","4",1115.37778409091,0.613876666666667,2.30350311111111,66.2430493689173
"Centaurea_scabiosa","4",3708.605,0.597791666666667,8.14521,210.1955751
"Centaurea_jacea","5",1121.27322012576,0.497234068627451,1.6078746031746,43.1806164037109
"Centaurea_calcitrapa","6",1669,0.416428571428571,2.86666666666667,73.14
"Centaurea_solstitialis","6",956.23,0.511071428571429,3,34.578
"Serratula_tinctoria","3",3706.23265908333,0.5519,2.423,136.8042229
"Saussurea_alpina","3",1732.2488762218,0.215272727272727,1.845,39.1894736842105
"Arctium_tomentosum","8",86433.1,1.05833333333333,10.96,1012.9
"Arctium_minus","8",64824.5,1.06166666666666,9.94583333333333,2438.76537428571
"Arctium_lappa","8",33557.7913333333,1.20326530612245,11.00154375,1150.38756756757
"Cirsium_tuberosum","3",6148.284,0.625,3.128,556.018
"Cirsium_eriophorum","5",21080.5,1.08125,10.081,746.7874016
"Cirsium_dissectum","2",2253.606,0.3575,2.21824,107.447034616744
"Cirsium_acaule","3",2158.75719046786,0.1229375,3.8262666,171.255218264
"Cirsium_oleraceum","7",20343.1033333333,0.9856,2.157,792.426000108084
"Cirsium_arvense","7",4064.95972222187,0.4689547925,1.68681296296296,112.147537050075
"Cirsium_vulgare","8",6181.78714285714,0.985625,2.668,553.380141402859
"Cirsium_palustre","5",3993.4666665,1.06571428571429,1.80938088571429,224.05
"Carduus_defloratus","4",3369.642,0.355727777777778,2.49,232.032
"Carduus_crispus","9",5082,1.0625,1.97194318181818,233.3571429
"Carduus_nutans","6",4599,1.0975,3.83386908333333,286.832203133333
"Carduus_acanthoides","7",5280.32714285714,0.925,2.705,245.3
"Onopordum_acanthium","8",4928.5,1.36017857142857,8.19,345.87
"Carlina_vulgaris","3",898.81530556,0.292145833333333,1.44562393939394,18.6145833333333
"Carlina_acaulis","3",3202.979875,0.116125,3.77916666666667,393.827916666667
"Nymphoides_peltata","7",6828.5,0.61,0.5434,409.279836
"Menyanthes_trifoliata","3",2985.21416672778,0.227098333333333,3.19277674603175,204.973021965378
"Campanula_cervicaria","4",512,0.4,0.0946666666666667,26.496
"Campanula_rotundifolia","3",115.668710014638,0.213745,0.0637313636363636,3.93314845982353
"Campanula_patula","5",499.902420633333,0.434015625,0.022176,12.0775340138731
"Campanula_rapunculus","5",567.142,0.460916666666667,0.0325,13.0793333333333
"Campanula_persicifolia","5",336.075783333333,0.419125,0.0861333333333333,32.671
"Campanula_glomerata","4",683.1,0.296319444444444,0.198382936507937,39.92811957
"Campanula_rapunculoides","6",2498.33266666667,0.698888888888889,0.146766666666667,42.2933333333333
"Campanula_sibirica","3",180.203333333333,0.2875,0.0616666666666667,14.2927272727273
"Campanula_trachelium","7",2689.76261538462,0.695015015015015,0.161077333333333,54.266990264878
"Campanula_latifolia","7",3914.675,0.8875,0.322050909090909,92.4595325
"Phyteuma_spicatum","5",773.714,0.42177380952381,0.151849333333333,25.764
"Phyteuma_nigrum","4",1751.3,0.175,0.133888888888889,37.045
"Legousia_speculum-veneris","3",122.7,0.189166666666667,0.194333333333333,2.112
"Legousia_hybrida","3",24.989,0.182539682539683,0.27196,0.942206572833333
"Jasione_montana","2",176.565,0.241616359380952,0.0366579384615385,0.984
"Lobelia_dortmanna","1",243.85,0.285,0.049,8.728
"Anethum_graveolens","7",916.327,0.632857142857143,1.75,53.713
"Angelica_sylvestris","6",28363.6525,0.892553571428572,2.10839352777778,1531.2
"Angelica_archangelica","7",17458.1178787879,0.493055555555556,3.92938888888889,5551.784
"Trinia_glauca","2",618.767,0.21875,1.67517142857143,48.143
"Seseli_libanotis","3",13187.294,0.622916666666667,1.57006666666667,579.588
"Peucedanum_officinale","3",8309.926,1.059,5.03275,825.2
"Peucedanum_palustre","4",10328.5931428571,1.30055555555556,2.95692857142857,615.902
"Peucedanum_cervaria","3",27974.136,0.73125,4.226,2684.318
"Peucedanum_oreoselinum","3",4670.033,0.3875,4.04,304.644
"Cnidium_dubium","6",2160.28,0.475,1.264,94.555
"Selinum_carvifolia","4",7691.143,0.749930555555556,1.51126666666667,442.934615384615
"Aethusa_cynapium","7",4516.63545454545,0.583125,1.6522,163.44036122875
"Heracleum_mantegazzianum","8",171873.9245,3.25,13.7290666,13071.7435294118
"Heracleum_sphondylium","8",85327.4477777778,1.01114315025253,6.01049907407408,1251.12962558868
"Pastinaca_sativa","5",9756.69583333333,0.804958333333333,3.71157727272728,507.320977582203
"Tordylium_maximum","6",8778.25,0.784095238095238,4.48571666666667,299.066
"Bifora_radians","6",1358.222,0.272857142857143,10.6311111111111,32.156
"Silaum_silaus","5",5888,0.7015625,1.72936666666667,318.2785388
"Bunium_bulbocastanum","4",764.274,0.464229166666667,1.402,40.588
"Carum_carvi","6",2136.73875,0.440042857142857,1.89388095238095,82.8228571415025
"Falcaria_vulgaris","5",6396.288,0.433333333333333,0.9,601.5495
"Aegopodium_podagraria","8",18641.2205,0.678020833333333,2.00215,754.18453208
"Pimpinella_major","6",5166.321,0.596530555555556,2.1564804040404,67.4630996886569
"Pimpinella_saxifraga","3",1670.48881944074,0.421703125,1.173007,159.81
"Ammi_majus","7",77.6666666666667,0.607619047619048,0.634666666666667,2.27333333333333
"Foeniculum_vulgare","7",10000,1.63178571428571,4.11500285714286,1062.4
"Apium_graveolens","8",4797,0.9890625,0.377722222222222,403.9
"Conium_maculatum","8",18614.1164871429,1.84833333333333,2.79269902597403,1146.05692833333
"Daucus_carota","5",1731.46741150824,0.689521864801865,0.983776815387232,79.8123224521577
"Orlaya_grandiflora","4",1751.002,0.372521739130435,16.6895555555556,76.478
"Laserpitium_latifolium","4",10906.7069,0.426563888888889,7.92648333333333,770.500666666667
"Torilis_arvensis","6",508.879,0.41875,11.2433333333333,38.988
"Torilis_nodosa","7",86.2571428571429,0.437,2.69,6.07714285714286
"Torilis_japonica","8",4012.5,0.617125,1.8256,138.95686189
"Turgenia_latifolia","3",3267.178,0.292083333333333,28.71,135.974
"Chaerophyllum_bulbosum","8",10134.024,1.01571428571429,2.2125,589.648
"Chaerophyllum_temulum","8",20341,0.79140625,2.05583928571429,783.1828877
"Chaerophyllum_hirsutum","7",19481.691,0.45975,5.262,818.867
"Anthriscus_caucalis","8",3551.020625,0.48875,1.37073333333333,99.4129002961539
"Anthriscus_sylvestris","8",9079.73375005555,0.740166666666667,4.1436587012987,226.582764629675
"Anthriscus_cerefolium","8",1872.75,0.498571428571429,1.96,11.478
"Myrrhis_odorata","7",87074.5,1.13375,37.97085625,4218.247456
"Scandix_pecten-veneris","4",828.376,0.247395833333333,16.6776444444445,31.896
"Conopodium_majus","4",381,0.4146875,2.39008333333333,18.5698113533333
"Smyrnium_perfoliatum","6",8607.4,0.525,6.53586666666667,301.086
"Berula_erecta","6",3025.6,0.7250525,0.577356416666667,118.950315366154
"Apium_nodiflorum","6",11182.5,0.464583333333333,0.5309,100.510039525
"Apium_inundatum","2",44.64,0.3,0.4864,1.1
"Sium_latifolium","7",23009.6116666667,1.765,1.54663333333333,276.507
"Oenanthe_fistulosa","5",471.277142857143,0.6,5.81784761904762,18.7933333333333
"Oenanthe_lachenalii","7",1171.92857142857,0.95,1.31254166666667,78.945
"Oenanthe_aquatica","7",6265.37142857143,1.02,2.3322,258.3675
"Cicuta_virosa","6",20329.05,1.040625,1.33864090909091,1029.7016
"Bupleurum_falcatum","3",471.775625,0.603877557627558,3.76410476190476,34.23
"Bupleurum_tenuissimum","4",46.69625,0.346875,1.55162222222222,2.478
"Bupleurum_rotundifolium","4",2859.14333333333,0.265625,2.995,111.459333333333
"Eryngium_campestre","3",12275.8755,0.400154761933333,1.21362,3268.6372260749
"Eryngium_maritimum","4",6398.26766666667,0.359546428571429,16.3042466666667,702.897142857143
"Sanicula_europaea","6",2599.22638461538,0.317145235655738,3.04498744761905,76.8677919108451
"Astrantia_major","6",11394.089,0.347216666666667,3.046,543.805
"Hedera_helix","6",2308.41607611702,6.98048484848485,20.1556062337662,151.466820928681
"Hydrocotyle_vulgaris","3",402.468900244444,0.161333333333333,0.448083333333333,18.9530961473684
"Centranthus_ruber","5",3065.10833333333,0.54,1.93372222222222,119.99871555
"Valeriana_officinalis","7",4672.67334143951,0.904761904761905,1.0284375,408.03994595
"Valeriana_dioica","3",557.5,0.237291666666667,0.553093333333333,21.4653623555556
"Valerianella_locusta","6",234,0.177916666666667,1.36001428571429,4.788672566
"Valerianella_rimosa","6",197.375,0.139545454545455,1.33,1.53
"Knautia_arvensis","4",2764.08855555556,0.582425,4.41486675555556,200.586828365296
"Dipsacus_fullonum","7",23937,1.12113541666667,2.61521484065934,1118.242889
"Succisa_pratensis","3",1946.600926,0.541517857142857,1.40902728253968,197.883726502078
"Scabiosa_canescens","3",324.272,0.2,1.00961111111111,34.532
"Scabiosa_ochroleuca","3",385.928,0.325,1.5365,32.97
"Scabiosa_columbaria","3",845.205833333333,0.400728318727686,1.86977953703704,99.3239392508642
"Linnaea_borealis","2",111.872,0.1905,1.45291666666667,3.3597619047619
"Lonicera_xylosteum","6",1221.92146388889,1.65377692307692,4.76125,40.2703621621622
"Lonicera_alpigena","7",3148.876,1.52142857142857,35.014,108.718
"Lonicera_periclymenum","5",1117.26883596446,4.53845238095238,5.33564262585034,70.7786238648359
"Lonicera_caprifolium","5",2302.755,5.51722222222222,10.52,73.216
"Symphoricarpos_albus","7",747.513737972222,1.79598545454545,6.97695287301587,107.172
"Viburnum_opulus","6",2720.8342142318,3.65247428571429,30.2092363537415,181.5407625246
"Viburnum_lantana","5",3375.7225,3.16020888888889,41.1727930555556,236.906
"Sambucus_nigra","8",5347.15721079399,6.45015850815851,5.34153703703704,307.868642443554
"Sambucus_ebulus","7",25971.4725,1.534375,10.4968642857143,1274.8680458
"Adoxa_moschatellina","8",1109.83333333333,0.0755,29.166,49.8463570633333
"Ilex_aquifolium","5",1611.21092985967,10.3750997150997,55.7221979166667,217.479285188584
"Clinopodium_vulgare","4",607.83185,0.489826388888889,0.381851794871795,20.6575441476471
"Mentha_aquatica","7",1657.51662626303,0.4909,0.118354773809524,31.8727029952381
"Mentha_pulegium","6",85.8332142857143,0.325607407407407,0.0719047619047619,5.62666666666667
"Mentha_longifolia","7",2018.01,0.84375,0.0599619047619048,64.197
"Mentha_suaveolens","5",860.81,0.6090069445,0.0421666666666667,53.9613333333333
"Thymus_praecox","2",11.1049890981808,0.07125,0.133883333333333,1.146
"Thymus_pulegioides","3",21.9106666666667,0.20128231292517,0.1233094375,1.29
"Thymus_serpyllum","2",7.2136619047619,0.134708333333333,0.177471428571429,0.588
"Origanum_vulgare","3",371.75,0.477334523809524,0.100145833333333,20.94549288
"Prunella_vulgaris","5",621.368291633333,0.204658974358974,0.922439833333333,19.1884245245833
"Prunella_grandiflora","3",266.2955,0.199880952380952,1.01,23.70125
"Nepeta_cataria","7",1339.975,0.839583333333333,0.528756666666667,13.014
"Hyssopus_officinalis","3",167,0.40625,0.963333333333333,8.136
"Glechoma_hederacea","7",525.844871776531,0.327411826268969,0.65128,22.8386910903226
"Lycopus_europaeus","7",1952.45694016667,0.840666666666667,0.272752380952381,37.946
"Salvia_verticillata","5",2264.1,0.57,0.912,145.978
"Salvia_pratensis","4",4098.547,0.617761363636364,2.13419228571429,206.1
"Salvia_glutinosa","7",11779.734,0.715,4.18388888888889,215.73
"Salvia_nemorosa","4",1483.28,0.475,0.936666666666667,60.28
"Teucrium_montanum","2",43.0123333333333,0.17875,0.644,2.45181818181818
"Teucrium_scorodonia","4",2050.5,0.394240196078431,0.852732467532468,87.47340247
"Teucrium_chamaedrys","3",97.3566,0.254571428571429,1.143125,7.00215784215784
"Teucrium_scordium","6",446.287333333333,0.347916666666667,0.4093625,5.78
"Teucrium_botrys","3",277.915,0.222291666666667,1.11028333333333,6.092
"Ajuga_pyramidalis","2",894.1,0.1665,1.41304761904762,51.8914285714286
"Ajuga_reptans","6",1921.44297374026,0.152092272727273,1.31364666666667,43.2955061516564
"Ajuga_chamaepitys","4",75.2873333333333,0.149479166666667,1.43,3.116
"Lamium_purpureum","7",406.890625,0.198487103174603,0.851491293333334,11.3188013666667
"Lamium_maculatum","8",1371.44,0.405,1.6783334,47.04573503
"Lamium_amplexicaule","7",241.5,0.17875,0.569513333333333,8.462668666
"Lamium_album","8",2566.257,0.44625,1.61614166666667,42.65258479
"Ballota_nigra","8",1939.5,0.839285714285714,1.01239107142857,38.35214076
"Marrubium_vulgare","8",391.8758,0.4703125,0.8712625,39.26
"Stachys_recta","3",738.645,0.35625,1.44922222222222,25.63
"Stachys_arvensis","6",266.75,0.21125,0.706666666666667,7.3076419215
"Stachys_palustris","7",2049.86,0.777995238095238,1.05183626666667,41.3666666666667
"Stachys_sylvatica","7",2650.75,0.753125,1.4005,59.952340805
"Melittis_melissophyllum","4",2627.73407,0.377738970588235,5.39,42.7382
"Galeopsis_bifida","7",3162,0.6046875,3.50173649206349,73.1625
"Galeopsis_tetrahit","7",882.133333333333,0.530208333333333,4.35488125,46.6652588314758
"Galeopsis_speciosa","7",2853.25222233333,0.686875,4.3842,87.4560631
"Galeopsis_ladanum","4",715.856571428571,0.258035714285714,2.5099,26.058
"Scutellaria_minor","3",199.2,0.154166666666667,0.180666666666667,2.48
"Scutellaria_galericulata","6",433.825,0.355625,0.73267665,13.96705334
"Pedicularis_sylvatica","2",40.8277777753333,0.1375625,0.9821,2.76726190483333
"Pedicularis_palustris","2",334.775,0.3486,0.93285,21.735
"Pedicularis_oederi","2",310.28275,0.0525,0.957872333333333,14.22
"Pedicularis_sceptrum-carolinum","2",1034,0.35,0.455666666666667,66.3837108529994
"Euphrasia_frigida","2",35.5652,0.126,0.255966769230769,1.02985488254833
"Euphrasia_nemorosa","3",37.69,0.358333333333333,0.165004166666667,1.784
"Euphrasia_officinalis","4",69.6106666666665,0.160875,0.129066666666667,2.862072072
"Euphrasia_stricta","2",20.41375,0.129166666666667,0.1295875,1.27772727272727
"Odontites_vernus","5",316,0.5,0.17675,12.09
"Bartsia_alpina","3",160.286,0.129875,0.275241666666667,10.8311011129854
"Rhinanthus_minor","4",186.934388888889,0.306071428571429,2.53345142666667,15.618995632844
"Rhinanthus_glacialis","2",44.704,0.238333333333333,3.41493333333333,3.3
"Melampyrum_cristatum","3",332.40625,0.3359375,6.72727285714286,14.762
"Melampyrum_arvense","4",263.876666666667,0.349775,14.7828125,20.034
"Melampyrum_sylvaticum","2",265.2025,0.243333333333333,3.99208888888889,8.48187546252731
"Melampyrum_nemorosum","4",492.328333333333,0.2,6.63777766666667,13.849
"Melampyrum_pratense","2",246.93809524,0.375,5.53707444444444,8.88163057333333
"Mimulus_moschatus","6",316,0.278125,0.01475,7.1517052465
"Mimulus_guttatus","6",1175.78392857143,0.457066666666667,0.0377406984126984,40.05530002875
"Pinguicula_vulgaris","2",237.816666666667,0.0572727272727273,3.08862952380952,5.19339914658211
"Verbena_officinalis","7",329.668125,0.48828125,0.35565,29.944
"Limosella_aquatica","6",25,0.0538888888888889,0.0165902222222222,0.66
"Scrophularia_vernalis","6",3326.89166666667,0.6859375,0.198333333333333,148.127
"Scrophularia_auriculata","7",9518.83333333333,0.710416666666667,0.110777142857143,743.865842466667
"Scrophularia_canina","3",362.271,0.301388888888889,0.495,21.485
"Scrophularia_umbrosa","7",3487.20333333333,0.69296875,0.08830415625,124.993
"Scrophularia_nodosa","7",5664,0.776041666666667,0.0997833333333333,313.5979769
"Verbascum_thapsus","6",18482.7174358974,0.873950367666667,0.0857778388278388,675.266573230769
"Verbascum_pulverulentum","5",34359,0.95078125,0.170066666666667,1845.1
"Verbascum_nigrum","6",67192.4533333333,0.913125,0.110884444444444,1532.4
"Verbascum_lychnitis","5",25603.93,1.04625,0.124959973333333,1392.2
"Verbascum_densiflorum","6",16014.2415,0.995,0.465666666666667,969.590333333333
"Verbascum_phlomoides","6",4969.32,0.924166666666667,0.140491666666667,271.284
"Buddleja_davidii","4",7572.08348775926,3.5609375,0.0723,103.429540693482
"Callitriche_stagnalis","4",17.0833333333333,0.085,0.07145,1.14358457377778
"Callitriche_palustris","6",59.535,0.250922857142857,0.17202475,0.624
"Anarrhinum_bellidifolium","3",344.445,0.524285714285714,0.04,45.469
"Veronica_austriaca","3",279.4385,0.315,0.25925,4.59666666666667
"Veronica_polita","7",70.1666666666667,0.200595238095238,0.346773333333333,3.45969468266667
"Veronica_persica","7",405.666666666667,0.2281875,0.6696,13.705448128
"Veronica_agrestis","7",89.5,0.235,0.471,2.66182708
"Veronica_filiformis","7",42.25,0.14375,0.278,1.4538995215
"Veronica_chamaedrys","6",477.712234102767,0.195295208475735,0.214849530092593,14.814473451029
"Veronica_arvensis","6",91.8333333333333,0.181410626851852,0.119978571428571,3.87984676371429
"Veronica_fruticans","2",25.042,0.0827142857142857,0.135616666666667,1.144
"Veronica_triphyllos","5",36.605,0.10546875,0.397407142857143,1.062
"Veronica_hederifolia","7",120.047272727273,0.284,3.90183285714286,8.84842348363636
"Veronica_anagalloides","7",288.4,0.3,0.035,14.92
"Veronica_catenata","7",332.145454545455,0.346805555555556,0.118327083333333,8.323220088
"Veronica_anagallis-aquatica","7",2723.5,0.314375,0.0529377777777778,65.39724673
"Veronica_beccabunga","7",1268.83333333333,0.4,0.145631428571429,34.47380872
"Veronica_peregrina","7",43.5126666666667,0.11640625,0.035,1.602
"Veronica_serpyllifolia","5",110,0.2109375,0.0514632,5.4415829384
"Veronica_alpina","3",80.597861627907,0.078787037037037,0.08915625,2.11811779706417
"Veronica_officinalis","4",140.6,0.208442857142857,0.121702142857143,19.1539503816145
"Veronica_montana","6",477.8675,0.238125,0.37204145,27.1629328709091
"Veronica_scutellata","5",52.2972222222222,0.171428571428571,0.18345,3.493
"Plantago_major","6",4266.87780555555,0.312359166666667,0.209604621336996,488.402956336842
"Plantago_media","4",2689.75632287292,0.191675,0.407167986394558,109.71340399892
"Plantago_alpina","2",49.406666667,0.0563933333333333,0.534266666666667,2.57333333333333
"Plantago_maritima","5",448.222619047619,0.121924479166666,0.68474,66.3285714285714
"Plantago_coronopus","4",433.785294117647,0.111221318458333,0.175013888888889,16.0655030181429
"Plantago_lanceolata","5",1787.64968017993,0.192951864193801,1.32843346604555,74.5519585928584
"Littorella_uniflora","2",203.288888888889,0.073125,0.90225,6.83055900571429
"Digitalis_lutea","5",4093.03923333334,0.513733333333333,0.24,196.012
"Digitalis_grandiflora","5",2993.97133333333,0.75625,0.176222222222222,258.961454545455
"Digitalis_purpurea","6",31623,1.107925,0.0926883759398496,2441.066253
"Globularia_nudicaulis","3",404.8812499875,0.11775,0.72,56.8333333333333
"Hippuris_vulgaris","6",43.1416666666667,0.49461,0.856153583333333,1.43163335914286
"Linaria_vulgaris","5",165.516614138768,0.555208333333333,0.152555,3.12279240501075
"Linaria_repens","6",125.388,0.471643374741201,0.213566666666667,8.858
"Antirrhinum_majus","6",309.5,0.423660714285715,0.170986666666667,26.46061644
"Misopates_orontium","5",203.435,0.357063492063492,0.143701333333333,9.894
"Cymbalaria_muralis","5",595.75,0.165,0.1625,29.256895065
"Gratiola_officinalis","6",168,0.358333333333333,0.024,5.946
"Fraxinus_excelsior","7",4201.46265391708,24.0782445315904,50.7767277850877,740.542219287674
"Fraxinus_ornus","3",7610.46797186147,9.54857142857143,36.19675,304.90585618977
"Syringa_vulgaris","6",2077.02444444444,4.8945,5.34108783333333,275.609090909091
"Ligustrum_vulgare","5",452.537525790783,2.88327692307692,16.0512424444444,62.7401411254002
"Cynoglossum_officinale","6",16927.0254166667,0.561875,28.4418373015873,86.1064131818182
"Myosotis_stricta","2",47.63,0.11875,0.112915,1.712
"Myosotis_discolor","4",194.371363636364,0.24575,0.199541111111111,2.757608466375
"Myosotis_laxa","7",304.732142857143,0.214652777777778,0.180666666666667,6.04471891958333
"Myosotis_scorpioides","2",561.808761911429,0.417367857142857,0.642503066666667,12.9872789805714
"Myosotis_alpestris","4",170.822222222222,0.110940476190476,0.631516666666667,7.56866666666667
"Myosotis_ramosissima","3",251.5,0.203645833333333,0.205922222222222,9.06432748533333
"Myosotis_sylvatica","7",613.333333333333,0.334,0.6305,19.72615528
"Myosotis_arvensis","6",536.1911111,0.430464285714286,0.3699375,28.22270336
"Lappula_squarrosa","6",391.685,0.347261904761905,1.8,19.608
"Echium_vulgare","4",3842.5,0.508035714285715,2.80374648148148,134.90343136
"Lithospermum_officinale","5",636.75,0.625,11.8412833333333,42.65150774
"Buglossoides_purpurocaerulea","4",548.065,0.491666666666667,12.3225,20.786
"Anchusa_officinalis","5",1503.475,0.483333333333333,5.705,74.5646666666667
"Anchusa_arvensis","4",2470.5,0.319583333333333,5.01,106.83570184
"Borago_officinalis","6",3867.733,0.4775,16.8191666666667,159.325
"Symphytum_tuberosum","6",2530.2665,0.462946428571429,6.24,72.2272727272727
"Symphytum_officinale","8",6627.258,0.875,9.76573333333333,354.152
"Pulmonaria_obscura","7",6312.3816665,0.3,4.33333333333333,213.345
"Pulmonaria_officinalis","6",4859.5,0.262,3.64,272.85
"Phacelia_tanacetifolia","7",5423.03798725,0.75687619047619,1.6493476,137.572
"Galium_boreale","4",114.007722556151,0.373548412698413,0.62925825,3.12581199476852
"Galium_rotundifolium","6",117.2,0.2,0.793333333333333,2.124
"Galium_palustre","6",90.0875,0.541646153846154,0.90975,1.32927588111111
"Galium_mollugo","6",106.019376791932,0.558856837606838,0.665204444444444,5.25689384138815
"Galium_sylvaticum","5",182.91,0.558809523809524,1.3,3.244
"Galium_odoratum","6",251.8028390167,0.245,5.27367857142857,5.17708118991248
"Galium_tricornutum","5",103.17,0.427142857142857,10.49,4.66
"Galium_saxatile","3",18.5,0.21015625,0.622878571428572,0.196018062
"Galium_parisiense","3",19.212,0.227545282555556,0.49824176,0.609
"Galium_uliginosum","3",22.5,0.4075,0.38565,0.417155067111111
"Cruciata_laevipes","7",154.555555555556,0.406857142857143,3.87426666666667,2.6946833767619
"Cruciata_glabra","5",83.280175,0.190714285714286,1.43,6.195
"Asperula_tinctoria","3",36.0451266665,0.294468,2.116599,2.582
"Asperula_cynanchica","3",17.8031666675,0.288194444444444,1.00675,0.847222222222222
"Sherardia_arvensis","5",22.25,0.201736111111111,1.66752844444444,0.545879121
"Rubia_peregrina","3",205.6,0.893020833333333,19.4018388611111,20.8078758072393
"Vincetoxicum_hirundinaria","3",1204.8953125,0.5023,7.4955,33.8095238095238
"Asclepias_syriaca","6",7723.78079545455,1.1688,5.49677564102564,382.4466380182
"Vinca_minor","6",440.5,0.337055,6.13,19.0057726333333
"Gentianella_uliginosa","2",96.45,0.10125,0.1313,5.586
"Gentianella_campestris","3",32,0.180548717948718,0.1923077,9.2
"Gentianella_amarella","3",1204.05333333333,0.164952380952381,0.140309375,93.22404523
"Gentianella_germanica","3",128.872,0.1891,0.178984,8.62214285714286
"Gentiana_lutea","3",22032.965,0.698972222222222,1.192625,1416.946
"Gentiana_verna","3",32,0.0545054347826087,0.0736666666666667,8.925
"Gentiana_nivalis","3",7.162,0.084875,0.0267291428571429,0.292
"Gentiana_pneumonanthe","3",90.25,1.59326388888889,0.0512097222222222,10.128
"Gentiana_asclepiadea","4",455.7,0.416666666666667,0.10875,19.258
"Centaurium_littorale","3",32.4571428571429,0.168958333333333,0.0246888888888889,1.523
"Centaurium_erythraea","5",283.75,0.261728271728272,0.0129920634920635,9.61089064911111
"Centaurium_pulchellum","4",24.275,0.157291666666667,0.0174866666666667,0.316
"Cicendia_filiformis","2",2.5645,0.0690625,0.00888571428571429,0.06
"Blackstonia_perfoliata","4",305.814285714286,0.2884375,0.0158833333333333,10.6203764783333
"Solanum_dulcamara","8",1632.19177533023,1.7912037037037,10.0863246984127,62.0500926953042
"Datura_stramonium","8",9538.692,1.175,8.41849333333333,731.714
"Nicandra_physalodes","7",11031.575,0.477142857142857,0.961677272727273,470.367
"Lycium_barbarum","7",696.446428571429,2.125,1.59148484848485,66.3683333333333
"Hyoscyamus_niger","8",13779.54975,0.615111111111111,0.660304761904762,103.424333333333
"Convolvulus_arvensis","6",326.12798,0.70962037037037,8.30055740740741,38.9554412917647
"Calystegia_pulchra","7",6914.5,3,40.825,450.373655
"Calystegia_soldanella","5",751.083333333333,0.452472222222222,57.235,55.3366666666667
"Calystegia_sepium","8",2346.35,1.91055555555556,29.2200285714286,90.88484689
"Erica_tetralix","2",3.91385358708889,0.47,0.01629933,0.38899060422127
"Calluna_vulgaris","1",2.76211662038775,0.597681818181818,0.0273725159386068,0.107955354064001
"Empetrum_nigrum","2",8.20401565129206,0.29275367965368,0.917534803921569,1.41122994354136
"Loiseleuria_procumbens","1",20.4433172727273,0.216666666666667,0.0175384375,2.06153846153846
"Kalmia_angustifolia","1",313.0825,0.8875,0.00577777777777778,561.926946107784
"Vaccinium_oxycoccos","1",22.3512154969048,0.29625,1.14972364102564,1.36643214850078
"Vaccinium_myrtillus","3",151.31438901347,0.308136557539683,0.304167226890756,6.00674201363422
"Vaccinium_vitis-idaea","2",131.559157300382,0.205866666666667,6.8062652202381,16.4837673429911
"Vaccinium_uliginosum","2",186.960323065134,0.289694628099174,0.42562,10.1313465270616
"Andromeda_polifolia","1",46.36375,0.223125,0.178640625,8.90127132894056
"Pyrola_minor","3",724.760478059581,0.115291666666667,0.00177,26.0156184486792
"Orthilia_secunda","3",305.81006945,0.1055,0.001,23.8133076342158
"Moneses_uniflora","3",328.0038,0.088,0.003,17.165
"Arctostaphylos_uva-ursi","2",142.630765754074,0.42410625,11.867124,43.6051759978699
"Primula_farinosa","2",259.76,0.113,0.0818650793650794,8.616
"Primula_vulgaris","5",4636.48328,0.112666666666667,1.1882,266.714355209524
"Primula_veris","4",2422.19495095834,0.135726234567901,0.7890305625,226.401667808908
"Primula_elatior","6",3818.305,0.189545454545455,0.722944388888889,133.851
"Primula_auricula","2",2768.066,0.158333333333333,0.25559375,92.304
"Hottonia_palustris","6",138.086,0.4,0.122066666666667,1.534
"Androsace_septentrionalis","2",28.3541952854545,0.0557857142857143,0.17,1.19333333333333
"Androsace_maxima","3",52.23216511,0.0495833333333333,1.27033333333333,4.13
"Anagallis_arvensis","6",148.53593220339,0.162177248677249,0.525324166666666,1.56180327868852
"Lysimachia_nemorum","6",284.25,0.241,0.41224,8.1788710645
"Lysimachia_punctata","6",3001.5,0.70625,0.345675,129.304382
"Lysimachia_nummularia","6",224.460740740741,0.354,0.3309375,9.42936178666667
"Lysimachia_vulgaris","6",2109.62111108333,0.9049,0.314166666666667,100.768280115556
"Anagallis_tenella","2",13,0.0608333333333333,0.118196428571429,0.320289855
"Samolus_valerandi","6",275.0735,0.279291666666667,0.0259266666666667,9.182
"Polemonium_caeruleum","6",2429.847222,0.61375,1.01673743589744,59.5
"Impatiens_noli-tangere","7",1957.75,0.629513888888889,5.2879145,38.9826819
"Impatiens_glandulifera","7",7536,1.4885333541797,9.446402,312.12638435
"Impatiens_parviflora","7",4304.3395,0.59453125,8.00045,37.811
"Cornus_sanguinea","5",1810.13587296513,3.0284706959707,68.1247732426304,83.09243902467
"Cornus_suecica","2",268.713285714286,0.140555555555556,5.98,8.31061195428209
"Cornus_mas","5",1899.25,4.83211428571429,158.874902166667,52.3234482758621
"Portulaca_oleracea","7",60.9110673469388,0.133911111111111,0.200968005952381,1.98933333333333
"Claytonia_perfoliata","7",337.776696153846,0.210591666666667,0.690692866666667,15.8500476142857
"Montia_fontana","3",12.444,0.126666666666667,0.253166666666667,0.322380952285714
"Silene_linicola","4",611.61,0.434285714285714,2.43233333333333,22.592
"Silene_nutans","3",579.963333333333,0.3855,0.451371043771044,60.25777716
"Silene_acaulis","1",7.82254234693877,0.0304309523809524,0.3002735,0.471111111111111
"Silene_otites","2",418.331666666667,0.4219375,0.2018,21.612380952381
"Vaccaria_hispanica","4",2847.818,0.45375,6.40973290598291,155.306
"Silene_gallica","6",309.561666666667,0.324965986394558,0.369285934343434,11.2440666666667
"Silene_dichotoma","6",1049.516,0.371666666666667,1.08625,44.192
"Silene_noctiflora","6",2522.25,0.354791666666667,1.03844533333333,81.09086521
"Silene_latifolia","7",1241.96166666666,0.592222222222222,0.868622222222222,78.064886605
"Silene_dioica","7",2212.7427,0.456630952380952,0.662107818181818,29.8052023916667
"Silene_vulgaris","4",936.618214285715,0.391096875,0.969480092691622,22.9744660312195
"Silene_armeria","2",401,0.455,0.135716666666667,12.93
"Silene_rupestris","1",110.94,0.163333333333333,0.0756666666666667,3.876
"Agrostemma_githago","6",666.915,0.599245454545455,13.0243890909091,58.196
"Petrorhagia_prolifera","3",44.915,0.3525,0.3326865,3.476
"Dianthus_superbus","3",247.019444427778,0.191944444444444,0.916,15.528
"Dianthus_gratianopolitanus","2",55.52,0.17734375,1.164975,5.046
"Dianthus_deltoides","3",40.4733918133333,0.258125,0.210108,1.4960526315
"Dianthus_armeria","3",119.589166666667,0.4015625,0.875706666666667,6.96625
"Dianthus_barbatus","5",1133.66,0.40625,1.10166666666667,70.304
"Gypsophila_repens","2",57.5,0.18,0.791666666666667,3.93
"Saponaria_officinalis","6",2000.83333333333,0.649812142857143,1.61657845875421,108.266890165
"Arenaria_serpyllifolia","4",12.6949364698572,0.120895833333333,0.0582151436781609,0.515367722666667
"Moehringia_trinervia","7",198.666666666667,0.266875,0.215,2.397892544
"Stellaria_palustris","4",32,0.44375,0.465,6.942
"Cerastium_cerastoides","7",23.05080875,0.109027777777778,0.184711111111111,0.670769230769231
"Cerastium_fontanum","5",158.723743589744,0.262041666666667,0.148119607843137,7.776427511
"Cerastium_tomentosum","5",110.42,0.244444444444444,0.714861111111111,7.372
"Cerastium_semidecandrum","3",26.3733333333333,0.0840974914285714,0.0420461111111111,1.641782751
"Cerastium_alpinum","2",33.73375,0.109,0.274622222222222,1.806
"Cerastium_arvense","4",25.9270029240044,0.232684123944444,0.238931666666667,1.09866666666667
"Cerastium_pumilum","3",29.04125,0.101895833333334,0.0529,0.81
"Cerastium_diffusum","2",26.3333333333333,0.179583333333333,0.0711416666666667,1.17761904766667
"Cerastium_glomeratum","6",104.333333333333,0.1927875,0.0517492857142857,5.87736790672727
"Holosteum_umbellatum","3",72.1737037037037,0.140694444444444,0.138333333333334,1.022
"Stellaria_graminea","5",114.183333333333,0.495460714285714,0.282551666666667,3.42437008010526
"Stellaria_pallida","6",173.75,0.357,0.131066666666667,0.6627761935
"Stellaria_neglecta","7",316,0.610416666666667,0.831244444444444,5.9302861625
"Stellaria_media","8",266.042943601235,0.363505,0.397781666666667,3.771210029
"Stellaria_nemorum","7",2409.621,0.448333333333333,0.25534,23.976
"Stellaria_holostea","5",254.845694441667,0.34875,2.66020761904762,7.456753498
"Scleranthus_perennis","2",4.69,0.155,1.76448888888889,0.252
"Scleranthus_annuus","4",3.83666666666667,0.102459523809524,0.591535555555555,0.657333333333333
"Minuartia_verna","2",2.724,0.0804166666666667,0.08038,0.147333333333333
"Minuartia_recurva","1",3,0.0609,0.31,2.27
"Minuartia_hybrida","3",3.11125,0.105875,0.0780333333333333,0.17
"Sagina_procumbens","6",5.5,0.0897619047619048,0.018575,0.425
"Sagina_apetala","4",3.83333333333333,0.0826111111111111,0.00893603333333333,0.321621621666667
"Sagina_nodosa","5",11.0039428571429,0.0859,0.03412,1.09333333333333
"Sagina_maritima","3",3.5,0.1068,0.0936257142857143,0.28
"Spergularia_echinosperma","6",4.518,0.06,0.0145,0.166
"Spergularia_media","5",23.0503333333333,0.08205,0.101,0.785
"Spergularia_rubra","4",14.5,0.131736111111111,0.0371083333333333,0.710626086666667
"Spergula_morisonii","2",5.154,0.075,0.161333333333333,0.45
"Spergula_arvensis","6",8.625,0.206180621,0.354566013071895,1.5348684212
"Illecebrum_verticillatum","3",17.989,0.146875,0.0702214285714286,0.068
"Herniaria_hirsuta","4",14.409,0.0895238095238095,1.18039266666667,0.513333333333333
"Herniaria_glabra","4",12.444,0.051525,0.08,0.293333333333333
"Corrigiola_litoralis","5",26.0038461538462,0.0857386363636365,0.2854125,0.8868
"Bassia_scoparia","6",52.3223333333333,0.675238095238095,0.942466666666667,4.51333333333333
"Salsola_kali","8",64.7225062812188,0.361793831168831,6.21661964285714,4.84949090909091
"Salicornia_europaea","4",107.5065,0.21696626984127,0.6576125,32.891
"Atriplex_tatarica","6",493.0325,0.633214285714286,0.8,26.373
"Atriplex_oblongifolia","6",347.807,0.625,3.25113333333333,19.668
"Atriplex_rosea","7",433.913,0.388571428571429,2.56,23.883
"Atriplex_patula","7",2192.25,0.895171428571429,2.130382,68.533104535
"Atriplex_glabriuscula","9",2729.89,0.26859375,2.44904166666667,175.637
"Atriplex_prostrata","8",2709.825,0.697700892857143,1.77130674242424,139.77941404
"Atriplex_littoralis","9",1083.49214285714,0.796898148148148,1.30866666666667,80.2101073641667
"Atriplex_laciniata","8",1095.4775,0.331166666666667,21.4266666666667,112.844
"Chenopodium_urbicum","8",1902.7775,0.582833333333333,0.38495,46.741
"Chenopodium_hybridum","8",2769.18611111111,0.55125,1.53085,88.7844
"Chenopodium_foliosum","8",3944,0.4125,0.585666666666667,7.6954
"Chenopodium_bonus-henricus","9",2719.17361111111,0.374430555555556,1.79790428571429,112.993333333333
"Chenopodium_album","7",773.715595133418,0.807894345238095,0.678789285714286,66.542406255
"Chenopodium_ficifolium","9",763.310454545455,0.655,0.34425,37.762606981875
"Chenopodium_glaucum","9",448.88725,0.323008272058824,0.198156666666667,9.662
"Chenopodium_polyspermum","8",763.53375,0.565,0.303486111111111,28.8008333333333
"Chenopodium_rubrum","9",859.1840625,0.607307407407407,0.1102465,64.68353184875
"Beta_vulgaris","9",10829,1.216,16.5408306962026,751.7
"Amaranthus_retroflexus","8",1392.33246078431,0.569675324675325,0.42225,240.96
"Rumex_thyrsiflorus","4",3050.5,0.330666666666666,0.70875,154.684
"Rumex_stenophyllus","7",5345.2415,0.55,0.988666666666667,235.0085
"Rumex_sanguineus","7",3948,0.799166666666667,0.929586111111111,188.9898072
"Rumex_palustris","8",16664.666,0.681666666666667,0.77225625,69.698
"Rumex_obtusifolius","8",16109.0814285714,0.632041666666667,1.35813461538462,1077.94185844444
"Rumex_maritimus","8",17626.1357142857,0.6399,0.5846974,131.922356485714
"Rumex_hydrolapathum","7",104196.731428571,1.5725,3.38770625,2467.51035971429
"Rumex_crispus","7",35097.2458333333,0.926339285714286,1.73843857142857,237.443504988235
"Rumex_conglomeratus","8",3676,0.661666666666667,1.45553214285714,190.2946116
"Rumex_aquaticus","8",31234.2,0.836775,1.92690616666666,1407.25
"Rumex_acetosella","2",215.953042325115,0.188381696428571,0.425922406862745,12.0013955079446
"Rumex_acetosa","6",2974.24408985714,0.640362097304405,0.744925333333333,70.7574435662309
"Polygonum_aviculare","7",468.801428571429,0.54675,1.45217777777778,11.7729333132
"Fallopia_convolvulus","6",1479.88888888889,1.03712121212121,3.99848333333333,44.2627872366667
"Oxyria_digyna","3",4337.5,0.182397222222222,0.610455,11.6149791666667
"Persicaria_minor","8",348.512952380952,0.322395833333333,0.842666666666667,4.45
"Limonium_vulgare","5",3108.145,0.2083125,1.25442666666667,309.0012
"Armeria_maritima","3",68.785777778,0.177526666666666,1.355739703125,7.20977777777778
"Drosera_intermedia","2",28.021,0.0371726190476191,0.0281253333333333,0.97
"Drosera_rotundifolia","1",41.9766666666667,0.0543518518518519,0.0151716666666667,2.24687305027306
"Thesium_pyrenaicum","2",92.3646666666667,0.231666666666667,4.44666666666667,1.9035
"Thesium_bavarum","2",200.1,0.35,3.59222222222222,14.63
"Laburnum_anagyroides","4",1722.11297752727,5.38690476190476,30.2513673469388,107.272698171221
"Trifolium_resupinatum","6",272.824,0.158666666666667,1.05703703703704,7.961
"Trifolium_fragiferum","7",351.15314815,0.174070833375,1.34715031168831,18.4069721271453
"Trifolium_hybridum","7",2610.02671875,0.365526190476191,0.71262996577381,96.5653447069166
"Trifolium_montanum","3",1188.74,0.291651785714286,0.764966666666667,96.976
"Trifolium_repens","6",300.614555371852,0.287369878472222,0.560719432641433,23.0311895971264
"Trifolium_alpestre","3",793.245,0.194375,1.28,40.1358490566038
"Trifolium_medium","4",2299.5,0.433,2.04339757575758,65.74024296
"Trifolium_rubens","3",1028.411,0.375,2.04020833333333,62.992
"Trifolium_striatum","3",316,0.14389375,1.73786666666667,15.8809082603846
"Trifolium_incarnatum","6",806.5547,0.327887654320988,2.93301853113553,59.428
"Trifolium_arvense","2",132.5,0.214612869214286,0.355388058441558,10.3449366963636
"Trifolium_campestre","4",1602.29533333333,0.2465714169,0.335914854166667,9.46540707256074
"Trifolium_dubium","5",246.813615375,0.237494546555556,0.448442086834734,10.9625927173718
"Trifolium_spadiceum","3",222.64,0.25,0.607888888888889,6.39
"Trifolium_aureum","4",351.045555555556,0.291,0.28125,12.2175
"Medicago_arabica","5",489.42,0.409111111111111,2.45815353535354,19.618
"Medicago_lupulina","4",534.526769171852,0.236472694805195,1.57376163846154,11.9629708440684
"Medicago_minima","3",44.67,0.166175165833333,1.04360833333333,1.52073732718894
"Melilotus_officinalis","5",605.3112285,1.0182,2.31982881926407,35.2938636855556
"Ononis_spinosa","3",279.260077019924,0.48624451754386,4.52893643874644,1.615
"Vicia_sativa","6",295.534682709524,0.477034431818182,27.2499070219657,13.8319976061765
"Vicia_sepium","6",1655.25164679583,0.51903125,22.2566671428571,24.55676856
"Vicia_grandiflora","5",285.276,0.486533333333333,17.26654,10.55
"Vicia_lathyroides","3",250,0.144458358,2.15316666666667,7.140952381
"Vicia_faba","7",10016.4204725,0.75,769.60675,324.976
"Vicia_cassubica","4",3364.434,0.4375,27.38,161.564
"Vicia_cracca","5",1222.48670899193,0.665788333333333,13.7133943580247,41.2235296359979
"Vicia_tenuifolia","4",1954.61888888889,0.53,30.25,72.5630951044444
"Vicia_hirsuta","5",278.15,0.517652777777778,5.69804714285714,20.5185965169231
"Vicia_sylvatica","5",2031,1.06125,21.385,35.12318029
"Vicia_tetrasperma","5",121.1625,0.496392857142857,3.78175238095238,1.8
"Lathyrus_heterophyllus","4",5682.759,1.1,1.90666666666667,280.659
"Lathyrus_palustris","4",2804.835,0.636941964285714,16.6638518518519,76.38
"Lathyrus_vernus","5",4294.63080860494,0.276961672473867,15.7916667333333,62.7840487804878
"Lathyrus_pratensis","6",617.225347222222,0.58009595959596,12.1345206309524,13.3812107265645
"Lathyrus_tuberosus","5",432.914285714286,0.7393,30.3485807333333,12.20702344
"Lathyrus_latifolius","5",7017,1.62192,50.9675038,435.7653916
"Lathyrus_nissolia","4",1060.14583333333,0.541666666666667,8.71586666666667,57.5223625136364
"Galega_officinalis","7",9106.7,1.2,8.09645,225.23
"Astragalus_danicus","4",280,0.1545,1.24225,11.26153846
"Astragalus_cicer","4",2306.364,0.5448,3.63999691666667,94.32
"Astragalus_glycyphyllos","4",3413.5,0.638394444444444,4.84229666666667,115.581532135
"Colutea_arborescens","5",957.535714285714,2.94649285714286,15.5900948666667,72.5816666666667
"Onobrychis_arenaria","3",120,0.275,17.7766666666667,13.452
"Onobrychis_viciifolia","4",1919.10651353333,0.423939411,16.4800719836957,130.289775349245
"Caragana_arborescens","7",1059.5,4.2894,24.1352824090909,45.04
"Lotus_tenuis","6",105.44,0.675,0.925076923076923,3.926
"Lotus_corniculatus","4",143.134044438457,0.310088914693744,1.24004426831785,7.95841570714427
"Lotus_pedunculatus","4",413.5,0.620673333333333,1.14850269444444,13.5467557466667
"Ornithopus_perpusillus","2",276,0.11275,1.025,7.550086296
"Anthyllis_vulneraria","3",1217.48,0.275270833333333,2.44722854761905,47.4603593088889
"Coronilla_vaginalis","2",482.68,0.0675,3.78216666666667,27.56
"Coronilla_coronata","3",1978.665,0.383333333333333,9.35,125.248
"Robinia_pseudoacacia","7",2442.26199686556,18.0179219264809,17.8804504333333,692.942125128267
"Lupinus_polyphyllus","6",12477.3726470588,1.33055555555556,23.9903466666667,750.019428571429
"Genista_tinctoria","3",164.814380953714,0.611904761904762,4.30370857142857,6.77196462222222
"Genista_pilosa","2",20.894,0.399329931972789,2.79633333333333,1.64933333333333
"Genista_anglica","2",14.2940879443889,0.441666666666667,2.26326666666667,1.09580374005538
"Ulex_europaeus","3",25.53357143,1.59722222222222,6.27459340659341,4.17
"Cytisus_scoparius","4",80.6772858615714,1.38378333333333,8.38594659358289,1.21054717506678
"Polygala_comosa","3",39.6037777777778,0.15875,1.10222222222222,1.73
"Polygala_vulgaris","3",112.355747618943,0.209372294372294,1.74142,2.44349903189377
"Potentilla_reptans","6",1237.8545,0.385680555555556,0.283066666666667,45.8755799342857
"Potentilla_argentea","3",421.5,0.296944444444444,0.0841984126984127,22.192888888
"Potentilla_recta","3",1861.56242424242,0.49375,0.301444444444444,288.616403366364
"Potentilla_crantzii","2",308.244928571429,0.100258080808081,0.42990625,18.8845833333333
"Potentilla_norvegica","5",2812.0521875,0.418236111111111,0.123888888888889,130.237419354839
"Potentilla_anglica","4",407.3975,0.201666666666667,0.588533333333333,24.614
"Potentilla_erecta","3",270.896115078333,0.179531875,0.409021515151515,5.67922220760544
"Potentilla_alba","4",1658.775,0.125,0.6,117.294
"Potentilla_sterilis","5",417,0.0884821428571429,0.535833333333333,21.04487805
"Potentilla_micrantha","5",1651.6634,0.0675,0.605,50.9
"Potentilla_anserina","7",9956.09414961905,0.225503125,0.929294833333334,117.764638888889
"Duchesnea_indica","6",634.1638,0.35,0.28,29.9905
"Alchemilla_monticola","4",2895.26,0.342916666666667,0.535,151.572
"Alchemilla_glaucescens","4",1892.31866666667,0.183333333333333,0.46,96.979
"Alchemilla_glabra","6",1179.05298507463,0.367980769230769,0.538557142857143,118.586488288889
"Alchemilla_xanthochlora","4",6905.96428571429,0.1883,0.396933333333333,306.350889766667
"Alchemilla_alpina","2",314.335,0.115766666666667,0.389542857142857,26.415
"Aphanes_arvensis","5",35,0.056875,0.194833333333333,2.341736695
"Sibbaldia_procumbens","4",281.51359805,0.0408888888888889,0.468667777777778,9.46695767195767
"Fragaria_vesca","5",1504.88145935858,0.158723484848485,0.365297888888889,98.8249966457143
"Fragaria_viridis","4",894.372222222222,0.147857142857143,0.275416666666667,64.5140769230769
"Sanguisorba_officinalis","5",2359.529236125,0.6057375,1.99414028125,170.570560450886
"Sanguisorba_minor","3",1333.80800000556,0.35268330602372,6.33257192901235,133.67182545354
"Agrimonia_procera","5",12341.8216666667,0.975,10.338,630.416091890909
"Agrimonia_eupatoria","4",4250.78377766667,0.6459375,14.8062983904762,412.333291173333
"Rosa_rubiginosa","4",1700.90916666667,2.14341666666667,14.453860125,107.212
"Rosa_elliptica","3",1086.114,2.075,19.24,92.948
"Rosa_micrantha","3",770,2.5174,13.1968019333333,60.15625
"Rosa_agrestis","4",323.001388888889,1.675,20.1788,32.7845
"Rosa_canina","4",1538.0114,2.61472222222222,37.9573030303031,167.423496040972
"Rosa_arvensis","5",914.147572209722,1.23333333333333,11.14924268,48.2161735260935
"Rosa_rugosa","6",1710.39,1.47128571428571,7.86785808333333,404.836572609226
"Rubus_caesius","7",7108.31355161667,0.548285714285714,4.69707497857143,553.580980866667
"Rubus_saxatilis","4",4768.1663889,0.218715277777778,9.86697916666667,246.139029844444
"Rubus_idaeus","6",1969.44817460317,1.39355757575758,1.55817998809524,263.519262638415
"Rubus_chamaemorus","1",2395.54231482593,0.14013125,7.455,179.14495497967
"Geum_urbanum","7",3600.86833333333,0.508928571428571,2.08765425,151.9693888
"Geum_rivale","5",5563.529179,0.488163888888889,1.13203205555556,369.6582448
"Filipendula_ulmaria","5",6704.89053948571,1.42574464285714,0.847567708333333,409.226107304335
"Filipendula_vulgaris","3",2731.63140625,0.446534722222222,0.81,144.040631933333
"Dryas_octopetala","4",158.986753588611,0.177426321958334,0.524122,20.38010212471
"Malus_domestica","5",1620,6.825,29.4,62.694
"Malus_sylvestris","5",1156.1389163101,9.01085294117647,22.5216791688312,83.771541872509
"Crataegus_monogyna","5",455.051101772121,6.87352891292735,87.3650339090909,37.93407013812
"Crataegus_laevigata","5",1979.2995,6.45833333333333,94.4696187012987,38.575
"Cotoneaster_integerrimus","3",641.518666666667,1.45386666666667,9.39675,32.9932
"Cotoneaster_horizontalis","6",36.61,0.7532,15.9644873333333,3.766
"Pyrus_pyraster","5",1068.96090909091,14.7588888888889,25.58,66.64
"Sorbus_aucuparia","4",2603.08658243253,6.9053371212121,7.3111821118881,611.348284531993
"Sorbus_torminalis","4",4762.61552929091,13.7013856015779,81.4920611111111,206.925405405405
"Sorbus_aria","3",4443.87175,10.4392307692308,44.4385416583333,248.0371875
"Amelanchier_lamarckii","3",670.45,10.625,3.892,90.81
"Spiraea_salicifolia","5",1582.71,1.4,0.08,61.592
"Aruncus_dioicus","8",93661,0.9,0.0852777777777778,2318.322
"Prunus_spinosa","4",420.356286964493,2.61888888888889,132.38731,34.2019763783256
"Prunus_avium","5",2340.76693333333,16.5777869189634,192.810284761905,216.881875
"Prunus_cerasus","5",2581.126,6.32291666666667,211.392222222222,180.472
"Prunus_mahaleb","4",606.952,5.1,81.0897222222222,30.3617942386831
"Prunus_padus","6",2921.92824445833,7.5430173160173,79.9368553703704,175.948666666667
"Urtica_kioviensis","9",2573.337,0.721428571428571,0.121,103.031
"Urtica_dioica","9",2556.98637108426,1.06445192307692,0.116201666666667,64.5306776959486
"Urtica_urens","9",1809,0.37125,0.51725,21.70206379
"Parietaria_judaica","7",2009.5,0.343,0.223633333333333,24.25055129
"Cannabis_sativa","7",4900.925,1.35,12.26,191.505
"Ulmus_minor","7",1833.10097142,29.0892648287385,5.171875,69.955
"Ulmus_glabra","7",3163.38793867419,30.6433333333333,8.08528783068783,120.775141842947
"Ulmus_laevis","7",3603.545,24.6577777777778,6.3598,114.202636363636
"Rhamnus_cathartica","5",1164.57903508333,4.87767857142857,19.7728236111111,88.5750324877939
"Frangula_alnus","4",1260.39229548889,3.99602988721805,17.4261323076923,78.8
"Elaeagnus_angustifolia","5",1120,7.84735714285714,140.472540733333,90.3225806451613
"Cucurbita_pepo","8",28790.28,4.25,112.179761904762,1637.14
"Bryonia_alba","7",5245.865,3,15.039,171.954
"Carpinus_betulus","5",2382.57317509091,19.8995726495727,33.7116523809524,69.8692660554388
"Ostrya_carpinifolia","5",1,14,10.7,462.711111111111
"Corylus_avellana","6",3295.31098037229,4.89425595238095,944.489625,156.04376827227
"Betula_pendula","3",1004.1132555227,17.6415327671077,0.209505229437229,3319.88398881421
"Betula_pubescens","3",1171.5980952381,10.2316790393249,0.264128205128205,107.489503027152
"Betula_nana","1",130.594940575461,0.751732954545455,0.447960272727273,5.04793456735387
"Betula_humilis","3",305.14,1.2115,0.1885,29.16
"Alnus_glutinosa","7",2743.37965404301,18.9123697705803,1.20043125714286,229.879653125782
"Alnus_incana","6",2568.06783333333,8.61782661064426,0.751631066666667,118.131875652828
"Myrica_gale","3",188.25,1.62477755102041,1.45334203333333,19.5352150371429
"Juglans_regia","7",4601.92638872222,17.8297523809524,6829.74804791667,1070.73923145851
"Quercus_robur","5",2839.41828470236,34.7034450021435,2332.29257692308,1826.88947885153
"Quercus_pubescens","3",3118.99724818333,10.5541666666666,1845.93,362.221423139598
"Quercus_petraea","4",2862.6073715243,25.7147013151927,1325.80975308642,139.773116260013
"Quercus_cerris","4",2842.04046344444,29.9305555555556,2825.954175,255.649731693482
"Quercus_rubra","5",6898.34677272201,20.6390285707071,2617.73816607619,696.13774887533
"Castanea_sativa","4",5947.9216666501,24.5191919191919,4183.12589533571,90.3027369089185
"Fagus_sylvatica","5",2140.9530203341,24.2071748122564,166.116033333333,63.7517392743907
"Hypericum_hirsutum","6",343.25,0.659375,0.0834533333333333,13.74311701
"Hypericum_montanum","4",380,0.528125,0.0616331313131313,18.03420428
"Hypericum_maculatum","4",508.7875,0.3713,0.0958714285714287,18.49981075
"Hypericum_tetrapterum","5",269.5,0.485416666666667,0.058735,6.3595244015
"Hypericum_pulchrum","2",64,0.521875,0.0856642857142857,4.708045977
"Hypericum_perforatum","4",154.027786643548,0.490550198415585,0.122707913165266,8.59714368096517
"Hypericum_humifusum","3",36.359375,0.172916666666667,0.0370220066666667,1.637
"Hypericum_elodes","1",210.475,0.221875,0.07,3.74466666666667
"Elatine_hydropiper","5",3.098,0.0447619047619048,0.143333333333333,0.08
"Elatine_hexandra","4",2.91,0.0447619047619048,0.022975,0.04
"Salix_lapponum","3",663.073053571429,0.856898148148148,0.308,32.3915000634255
"Salix_appendiculata","6",1448.361,4.0625,0.138,81.346
"Salix_daphnoides","4",590,7.75,0.14,55.46
"Salix_repens","2",89.1421245941296,0.916428571428571,0.0413333333333333,9.42692302254525
"Salix_caprea","6",2065.11828704306,8.75,0.106118518518519,139.603315339253
"Salix_herbacea","3",120.856574358974,0.0425,0.45379,8.79861224829198
"Salix_cinerea","5",655.09,5.425,0.0778333333333333,130.928
"Salix_purpurea","5",176.5,3.21970666666667,0.09,13.689
"Salix_triandra","6",642.207727272727,6.40229166666666,0.02,81.6143333333333
"Salix_pentandra","4",1432.1052,8.73689285714286,0.136331066666667,53.4091428571429
"Salix_alba","7",1184.884,19.6141060606061,0.799,61.4936363636364
"Salix_fragilis","6",1143,10.796875,0.133,53.392
"Populus_alba","6",1963.81466666667,29.0418518518519,0.12,193.970783929028
"Populus_tremula","5",2217.49576717381,23.6706925101214,0.103711224489796,160.670832464022
"Populus_nigra","7",2939.89722222222,30.2977117647059,0.805,247.97
"Viola_riviniana","6",1252.406111111,0.167815476190476,1.17855,6.30779132722222
"Viola_canina","3",1045.8,0.1428,0.985085714285714,13.80624916
"Viola_mirabilis","5",4148.39583333333,0.228125,2.185,126.015238095238
"Viola_reichenbachiana","6",1285.71207428571,0.104583333333333,1.8643,24.291875
"Viola_hirta","3",2010.614464275,0.102375,3.05884,140.008208028571
"Viola_odorata","7",2568.75,0.221,3.71791111111111,86.57567665
"Viola_alba","6",775.858016666667,0.240506172839506,2.194,46
"Viola_lutea","3",214.75,0.144833333333333,0.7735625,5.7817539055
"Viola_tricolor","5",228.15,0.1875,0.639552083333333,12.6330515711111
"Viola_arvensis","6",354.5,0.239375,0.451562523679417,23.09604869
"Viola_biflora","5",2901.15987038889,0.1155,0.74,3.112
"Viola_palustris","3",692.863904728571,0.08875,0.756555555555556,32.7993104472378
"Euphorbia_esula","4",202.723041653333,0.552083333333333,2.9778,4.404
"Euphorbia_cyparissias","3",135.532,0.272703125,2.21088888888889,24.5952380952381
"Euphorbia_peplus","8",57.0166666666667,0.13447380952381,0.550335714285714,1.765363128
"Euphorbia_exigua","5",30,0.115208333333333,0.313547619047619,1.073333333
"Euphorbia_amygdaloides","5",419.764888888889,0.445111111111111,4.046175,15.7253333333333
"Euphorbia_palustris","7",645.834,0.9875,8.81325,31.462
"Euphorbia_dulcis","6",373.692,0.3525,2.1195,12.728
"Euphorbia_verrucosa","3",181.8267857,0.3535,2.456,4.98571428571429
"Euphorbia_helioscopia","7",256.75,0.270833333333333,2.37046285714286,12.8750590443333
"Mercurialis_annua","7",534.0405,0.292013888888889,2.0628533968254,17.633
"Mercurialis_perennis","7",1199.5894875,0.275055555555556,5.69068571428571,35.850981467381
"Linum_usitatissimum","6",40.63,0.656666666666667,5.72866666666667,0.905
"Linum_perenne","2",32,0.471428571428571,2.21484701298701,1.25
"Linum_austriacum","2",29.53,0.460533333333333,1.27033333333333,1.662
"Radiola_linoides","2",3.1175,0.05275,0.0283916666666667,0.128
"Oxalis_corniculata","6",124.450536786787,0.168518518518519,0.309722222222222,2.14342857142857
"Oxalis_acetosella","6",528.597809516,0.094,1.13389677777778,7.0779866672381
"Parnassia_palustris","2",309.703379627778,0.229335952380952,0.137112333333333,21.030610025625
"Sisymbrium_orientale","6",1281.5,0.6640625,0.246,145.0778292
"Sisymbrium_officinale","8",3248.75,0.610671875,0.288442857142857,230.985814786667
"Sisymbrium_loeselii","7",2912.99916666667,0.499090909090909,0.134166666666667,131.806203575
"Sisymbrium_altissimum","6",5994.24444444444,0.840111111111111,0.210066666666667,242.085781928571
"Brassica_oleracea","7",1565.415625,0.920888888888889,3.27641467215711,181.477346938776
"Brassica_nigra","7",7639.162,1.019,1.35376553846154,288.244
"Brassica_elongata","5",391.25,0.463571428571429,0.719666666666667,27.58
"Erucastrum_nasturtiifolium","3",1429.642,0.466666666666667,0.427666666666667,127.158
"Raphanus_raphanistrum","6",8737.02808666667,0.609582188644689,31.8494477671452,193.724465364444
"Rapistrum_rugosum","6",651,0.611,2.29604166666667,21.2033333333333
"Diplotaxis_muralis","6",1927.8345,0.372083333333333,0.249233333333333,34.301
"Diplotaxis_tenuifolia","6",2296,0.50125,0.294566666666667,113.47877698
"Crambe_maritima","8",32042.555,0.538787878787879,59.1079547619048,4555.02666666667
"Sinapis_alba","6",4757.42896,0.600416666666667,3.66744396825397,122.698
"Sinapis_arvensis","6",6226.33333333333,0.591964285714286,2.16247777777778,326.701141876667
"Hirschfeldia_incana","5",6636.71571428571,0.813392857142857,0.3966,361.004407886667
"Cakile_maritima","8",969.791666666667,0.287889285714286,23.1674654545455,75.0538461538462
"Isatis_tinctoria","3",1209.7375,0.92375,2.606,113.403
"Myagrum_perfoliatum","4",1158.434,0.227142857142857,13.46,42.994
"Conringia_orientalis","4",5256.65,0.365,2.39133333333333,192.05
"Alliaria_petiolata","8",4290.61818166667,0.568072916666667,2.58922817460317,193.260295028571
"Thlaspi_alliaceum","5",513.144,0.367037037037037,0.666666666666667,11.333
"Thlaspi_montanum","2",168.633929292929,0.068725,0.6392,11.6599999999876
"Thlaspi_arvense","7",518.111111111111,0.3225,1.03491523809524,36.461044588
"Kernera_saxatilis","2",43,0.116666666666667,0.143,1.62
"Thlaspi_caerulescens","4",114,0.2166,0.375002857142857,3.762836186
"Teesdalia_nudicaulis","2",210.25,0.0940285714285714,0.281459302308802,3.921206076
"Cochlearia_danica","5",55.3895833333333,0.144444444444444,0.243541666666667,2.92019306422727
"Cochlearia_officinalis","6",239.175,0.188888888888889,0.46851247771836,19.8083333333333
"Cochlearia_anglica","7",229.508,0.20421875,1.24073333333333,12.096
"Draba_aizoides","1",11.471,0.0592857142857143,0.217911904761905,0.685333333333333
"Erophila_verna","3",66.385,0.0830527210884354,0.428491,0.275333333333333
"Draba_muralis","4",279,0.254125,0.0660066666666667,10.451767032
"Arabis_sagittata","4",276.118,0.51875,0.1,16.861
"Arabis_hirsuta","4",254.767777776667,0.362666666666667,0.0894469551282051,10.7155887244444
"Arabis_turrita","3",1055.2028,0.342407407407407,0.549004285714286,40.21
"Lunaria_annua","7",8538.45933333333,0.425,16.9205238095238,263.065
"Lunaria_rediviva","8",12719.096,0.741666666666667,26,292.1856
"Alyssum_montanum","2",47,0.145,0.6,3.732
"Alyssum_alyssoides","3",28.9185714285714,0.149083333333333,0.6694,1.291
"Berteroa_incana","4",137.86,0.366666666666667,0.541791666666667,6.955625
"Hesperis_matronalis","7",1581.06428571429,0.704201666666667,2.31731784126984,40.4400677381818
"Bunias_orientalis","7",3732.505,0.714444444444444,25.4,387.82
"Erysimum_cheiri","6",411,0.4171875,1.37408886666667,35.44505396
"Erysimum_cheiranthoides","7",691.635,0.585625,0.31325,37.13088134
"Erysimum_odoratum","3",283.210384615385,0.391666666666667,0.287833333333333,9.936
"Arabidopsis_thaliana","4",316,0.213541666666667,0.0246665714285714,9.642721352
"Camelina_microcarpa","5",531.04,0.35,0.303680555555556,27.61
"Cardamine_pratensis","5",865.0785,0.330946428571429,0.99113335,62.717917638666
"Cardamine_amara","6",1415.66666666667,0.32734375,0.258666666666667,48.7516437433333
"Cardamine_flexuosa","6",488.5,0.3078125,0.12168,12.33047046
"Cardamine_hirsuta","6",311.5,0.2140625,0.103733504273504,11.217289988
"Cardamine_parviflora","6",85.529,0.12625,0.106,2.627
"Cardamine_impatiens","7",239,0.564375,0.2368,7.080032733
"Nasturtium_officinale","7",2298.5,0.334285714285714,0.191717948717949,29.09564568
"Nasturtium_microphyllum","7",2703.75,0.3125,0.125,34.494885615
"Rorippa_palustris","7",2774.43515,0.427111904761905,0.268356972222222,68.3005
"Rorippa_amphibia","8",12853,0.86328125,1.43310714285714,320.3
"Rorippa_sylvestris","7",897.888888888889,0.4005925,0.285717925925926,39.464452345
"Barbarea_stricta","7",790.59,0.66475,0.414733333333333,18.37
"Barbarea_vulgaris","6",4750.5,0.56547619047619,0.608177777777778,86.1839124025
"Lepidium_latifolium","5",17337.8978571429,0.921875,0.511283316666667,202.384285714286
"Lepidium_ruderale","6",73.625,0.234375,0.2332,4.7545685168
"Lepidium_virginicum","5",419.610675,0.413333333333333,0.438392857142857,12.5
"Lepidium_densiflorum","6",143.938571428571,0.271533333333333,0.656083333333333,2.61
"Lepidium_campestre","5",537.15,0.379166666666667,2.1417,18.7078313253333
"Descurainia_sophia","6",493.079,0.627272727272727,0.130738095238095,24.65
"Hornungia_petraea","1",69.5,0.0880654761904762,0.133975,0.736842105
"Reseda_phyteuma","3",266.53949999,0.197,1.74,7.986
"Reseda_lutea","5",1125,0.514285714285714,0.801453333333333,59.3915360233333
"Reseda_luteola","6",794.620454545455,0.901666666666667,0.281466666666667,69.85641988
"Malva_neglecta","9",1157.6,0.3625,2.38783333333333,33.420625
"Malva_pusilla","8",1095.862,0.378214285714286,2.847,46.994
"Malva_verticillata","8",16136.752,0.865,1.97,649.19
"Malva_sylvestris","8",5287.89,0.722048611111111,3.99142666666667,328.442
"Malva_moschata","6",3162,0.51625,2.29925,124.085444075556
"Malva_alcea","6",1373.76,0.65,3.03355555555556,48.752
"Alcea_rosea","4",9665.934,1.55,8.59,691
"Althaea_officinalis","6",3577.60833333333,0.866727272727273,4.26775,162.598
"Tilia_cordata","5",2494.8635,22.6360882352941,32.7711224545455,180.741325225255
"Tilia_platyphyllos","7",5239.84266666667,28.8333333333333,87.6265277777778,167.286
"Fumana_procumbens","2",47.813,0.214166666666667,2.792661125,1.446
"Helianthemum_nummularium","2",69.7304665431111,0.179312323232323,1.15288048552754,15.6912529854914
"Daphne_mezereum","6",382.2095635,0.719285714285714,60.6444444444444,19.8450563342903
"Dictamnus_albus","3",9626.34,0.716666666666667,14.6851428571429,479.324
"Ailanthus_altissima","7",33586.6766426346,20.2087843137255,30.4897968021978,3584.58333333333
"Acer_campestre","6",2935.15032727273,13.5435823934837,53.164108561086,90.24579463
"Acer_platanoides","6",6215.11962716667,22.8641276803119,94.1405945555556,417.855830258301
"Acer_monspessulanum","4",865.4725,8.97383838383838,40.4075,69.9300699300699
"Acer_pseudoplatanus","7",7193.14594207519,24.7125730471079,59.464500375,666.031770896822
"Aesculus_hippocastanum","7",6029.52928030435,26.0078125,9685.28425277778,1548.8536301152
"Staphylea_pinnata","5",9239.47,3.44444444444444,90,305.941
"Oenothera_parviflora","3",437.4,0.86625,0.56747619047619,27.6226666666667
"Oenothera_biennis","4",4091.13333333333,0.821836111111111,0.413691229166667,208.613846153846
"Epilobium_nutans","4",133.15,0.125,0.075,5.732
"Epilobium_alsinifolium","4",34.375729166875,0.14245,0.09586575,1.76916666666667
"Epilobium_alpestre","7",529.6,0.458333333333333,0.125,16.212
"Epilobium_anagallidifolium","4",27.957918,0.0696875,0.0681296296296296,1.13555555555556
"Epilobium_obscurum","5",738.5,0.677083333333333,0.06956,36.50211581
"Epilobium_roseum","8",485,0.55375,0.0882888888888889,13.54926731
"Epilobium_palustre","3",582.1125,0.427604166666667,0.0488266666666667,17.278409154
"Epilobium_montanum","6",2145.52,0.525347222222222,0.11534,91.7561712033333
"Epilobium_parviflorum","6",1518.98666666667,0.566333333333333,0.09311165,46.8227571939394
"Epilobium_hirsutum","8",2294.7,1.30892857142857,0.115132034632035,94.5733199828571
"Epilobium_ciliatum","5",1042.82159090909,0.75,0.0777845238095237,22.7102461618182
"Epilobium_dodonaei","2",121.65,0.577821428571429,0.254666666666667,10.578
"Circaea_lutetiana","7",2873.3333335,0.394553571428571,2.37201296296296,69.448388015
"Circaea_alpina","6",1217.06,0.186865833333333,0.374685083333333,10.7344444444444
"Ludwigia_palustris","7",213.825833333333,0.138358666666667,0.0395833333333333,7.9
"Trapa_natans","7",865.186,0.756666666666667,834,61.351
"Lythrum_salicaria","6",602.046128424603,1.01451770833333,0.22275880952381,56.3972600228365
"Lythrum_hyssopifolia","6",22.383,0.13375,0.215459215686275,0.524
"Geranium_sylvaticum","6",4290.7904070424,0.408479166666667,5.64408333333333,97.2262229061901
"Geranium_sanguineum","3",1461.54,0.31346875,9.75070044444444,47.7312698971429
"Geranium_pratense","7",7251.85777775,0.523696428571429,8.42,472.983333337133
"Geranium_palustre","7",4452.05,0.5375,4.41566666666667,223.512
"Geranium_dissectum","6",513.123784722222,0.337767857142857,2.36535833333333,11.0662174291429
"Geranium_molle","6",410.651655555556,0.209107142857143,1.1098,26.70498686
"Geranium_columbinum","6",438.25,0.354861111111111,3.58678,20.3771889975
"Geranium_phaeum","7",6526.65388888889,0.500625,3.88,334.244
"Geranium_pyrenaicum","7",4021,0.403125,1.69066666666667,188.9
"Geranium_pusillum","7",1107.33333333333,0.265625,0.81,74.34298168
"Geranium_robertianum","7",1675.8072,0.305390625,1.29893821428571,38.11842594875
"Geranium_lucidum","7",1508.5,0.32578125,0.895666666666667,35.83756135
"Erodium_cicutarium","6",850.55716797013,0.290733799,1.74677704517705,40.0509417988889
"Erodium_moschatum","4",8218.901,0.386333333333333,1.96433428571429,312.157
"Vitis_vinifera","6",6129.8,10.75,26.5833333333333,435.132196270143
"Parthenocissus_quinquefolia","7",5191.97807017544,9.26826666666667,25.6638697777778,374.733333333333
"Parthenocissus_inserta","7",14667.994,14.3333333333333,23.1977777777778,766.89
"Sedum_rubens","3",34.474,0.0738095238095238,0.022,1.69
"Sedum_annuum","1",13.106,0.075,0.01815,0.614
"Sedum_sexangulare","3",19.429,0.15725,0.0246666666666667,0.538
"Sedum_acre","2",14.6666666666667,0.0585357142857143,0.0368333333333333,0.914444444444444
"Sedum_album","3",24.0513333333333,0.103589285714286,0.0266666666666667,1.596
"Sedum_rupestre","2",21.6986666666667,0.2303125,0.0484,1.99166666666667
"Sedum_spurium","4",239.175,0.11125,0.0833333333333333,7.722
"Sedum_telephium","4",1634.435,0.43125,0.0550733333333333,38.14976303
"Myriophyllum_spicatum","7",33.825,1.1625,1.1235,5.67555555555556
"Myriophyllum_alterniflorum","5",7.78,0.5375,0.61,0.112
"Saxifraga_granulata","4",417.75,0.288214285714286,0.0295586666666667,18.05484695
"Saxifraga_tridactylites","3",32,0.0764791666666667,0.010384,1.2395614035
"Saxifraga_aizoides","3",27.4921428571429,0.114916666666667,0.0506533333333333,1.65285714285714
"Saxifraga_paniculata","2",83.466,0.105,0.0603333333333333,10.292
"Saxifraga_rotundifolia","6",2132.36256666667,0.176314942528736,0.043,125.938333333333
"Saxifraga_hirculus","2",1014.4,0.124583333333333,0.0925,2.13975
"Saxifraga_stellaris","4",174.89,0.081925,0.03467,1.516
"Chrysosplenium_oppositifolium","6",232.25,0.106944444444444,0.0664428571428571,6.249876314
"Chrysosplenium_alternifolium","7",936.453809528571,0.1525,0.0574443333333333,14.855709428
"Ribes_rubrum","6",2878.2112222,1.35964285714286,6.131,172.234454545455
"Ribes_alpinum","6",560.4975,1.49869444444444,4.63792,66.86
"Ribes_nigrum","6",3461.80330054444,1.59196428571429,24.3924861666667,248.632691855618
"Ribes_uva-crispa","6",684.7677381,0.8975,3.85855,15.8552232227138
"Buxus_sempervirens","4",151.916269840952,3.56818181818182,11.5633553571429,20.5369559074841
"Ranunculus_sardous","7",957.21,0.260416666666667,1.24044,35.7472727272727
"Ranunculus_polyanthemos","3",2840.78,0.420833333333333,2.44,196.46
"Ranunculus_bulbosus","3",782.60751428,0.27654,2.5259,49.8091601734694
"Ranunculus_repens","7",1981.21039400204,0.3332525,4.451158,133.383791612832
"Ranunculus_lanuginosus","7",7573.83,0.433333333333333,2.85,273.134
"Ranunculus_acris","5",2158.35590534532,0.460570394736842,1.52829747727273,110.032937156657
"Ranunculus_arvensis","6",576,0.37578125,12.2126,21.02608696
"Ranunculus_reptans","2",44.764,0.128125,0.3778125,4.144
"Ranunculus_flammula","3",450.430555555556,0.3665125,4.84813095454545,29.6298924088889
"Ranunculus_lingua","6",2763.36,0.971944444444444,2.56434285714286,176.464
"Ranunculus_platanifolius","7",9234.21266666667,0.739285714285714,1.2525,500.206
"Ranunculus_aconitifolius","5",24914.982,0.333333333333333,4.634722,740.996
"Ranunculus_auricomus","6",1276.5,0.335,2.431825,38.803332815
"Ranunculus_trichophyllus","6",193.93,0.675,0.3176,7.49083333333333
"Ranunculus_penicillatus","6",178.1,1.75,0.39,1.7
"Ranunculus_fluitans","7",616.394,1.635,0.56,31.15
"Ranunculus_aquatilis","6",241.248947368421,0.41365,9.189471,5.79
"Ranunculus_peltatus","6",301.422222222222,0.02,0.316666666666666,11.0284090909091
"Ranunculus_circinatus","6",186.255333333333,0.3625,0.14275,4.5775
"Ranunculus_sceleratus","9",1611.72857142857,0.467545,3.7534884,32.7390657766667
"Myosurus_minimus","5",98.642,0.086105,0.599579733333333,4.632
"Clematis_vitalba","7",4294.24911133333,17.2857142857143,1.947530825,367.184606881818
"Anemone_ranunculoides","7",1535.418,0.178333333333333,1.92275,20.93
"Anemone_nemorosa","5",2872.35,0.155489795918367,2.187826675,120.520454708889
"Hepatica_nobilis","5",2258.67256160131,0.133014446227929,2.653125,108.779906542056
"Helleborus_viridis","6",27262,0.328125,11.38888,2428.443626
"Helleborus_foetidus","3",6325.91833333333,0.581944444444444,10.85348,432.613846153846
"Trollius_europaeus","5",6201.83355555556,0.361767857142857,0.970759487179487,295.834397051321
"Adonis_aestivalis","5",193.5,0.40625,6.975,4.6
"Caltha_palustris","6",7899.75240761111,0.423075,0.916639785714285,348.948325775191
"Actaea_spicata","7",15425.4197619048,0.472982142857143,6.41576753333333,559.434705882353
"Consolida_regalis","6",403.581,0.2125,1.27022222222222,18.16
"Aconitum_napellus","6",6387.135,0.847339285714286,3.61205,332.3
"Nigella_arvensis","3",221.598,0.228,2,8.654
"Nigella_damascena","4",2377.802,0.366904761904762,2.23808333333333,79.336
"Thalictrum_flavum","6",32542.5,0.801785714285714,1.3986,1133.827826
"Thalictrum_minus","3",8758.77576771053,0.644010416666666,1.91083333333333,953.559
"Aquilegia_vulgaris","5",8732.7375,0.557142857142857,1.71210303030303,245.5981058
"Berberis_vulgaris","4",281.046613761376,1.71468864468864,17.3251964285715,61.4774373681269
"Papaver_somniferum","6",10398,0.82,0.38325,272
"Papaver_dubium","5",4627,0.418989774114774,0.123262504938271,224.6422113475
"Papaver_rhoeas","6",2145.175,0.448961038961039,0.133830476190476,166.81395105
"Papaver_argemone","5",983,0.362291666666667,0.156740026666667,33.84762887
"Chelidonium_majus","8",9226,0.5625,0.747,240.14783215
"Glaucium_flavum","7",3279.8,0.585,1.0778,288.494
"Fumaria_parviflora","5",720.5,0.444444444444444,2.12,28.23
"Fumaria_vaillantii","6",148.096,0.472,3.17,3.854
"Fumaria_officinalis","7",647.75,0.427142857142857,3.24795555555556,9.384797508
"Pseudofumaria_lutea","6",707,0.228125,1.108,46.7
"Corydalis_solida","7",1838.433,0.143095238095238,3.10790861111111,42.702
"Corydalis_cava","7",5668.715,0.178333333333333,8.5,112.259
"Ceratophyllum_demersum","8",190.755555555556,0.925,2.74484,4.53044308644444
"Liparis_loeselii","3",568.448333333333,0.122380952380952,0.004,24.515
"Epipactis_helleborine","5",1883.90466666667,0.447908496732026,0.004,67.8396598579819
"Epipactis_atrorubens","2",934.963888888889,0.325,0.01,76.5728571428571
"Epipactis_palustris","2",2109.22142857143,0.3875,0.005,36.7283333333333
"Cephalanthera_damasonium","4",986.025,0.38,0.005,56.7226666666667
"Cephalanthera_longifolia","5",1092.28980555556,0.309180952380952,0.002,37.6698214285714
"Platanthera_chlorantha","4",2387,0.393285714285714,0.00266666666666667,102.7259268975
"Gymnadenia_conopsea","3",1016.04566675,0.364785714285714,0.00766666666666667,92.20166638
"Dactylorhiza_maculata","3",1999.26666666667,0.366666666666667,0.01,65.8801377743971
"Orchis_militaris","2",3312.8,0.2802,0.00085,317.234
"Goodyera_repens","2",316,0.15875,0.002,14.8785714285714
"Polygonatum_odoratum","3",2349.18571428571,0.305791666666667,32.6921666666667,84.682
"Polygonatum_multiflorum","5",2114.49224,0.451578947368421,26.1220053333333,30.4412
"Polygonatum_verticillatum","5",659.121,0.573214285714286,44.3496666,24.5
"Maianthemum_bifolium","4",1275.332963,0.158,10.783,1662.49428571429
"Convallaria_majalis","4",5815.98333333333,0.22814,18.5832293333333,241.098159575
"Asparagus_officinalis","4",9.50037037037037,0.65,21.3088703125,4.191
"Anthericum_liliago","3",3335.91,0.416666666666667,5.56125,185.418
"Anthericum_ramosum","3",1051.095,0.469642857142857,3.13633333333333,65.9966666666667
"Scilla_bifolia","6",2210.75,0.158333333333333,9.2905,53.08
"Allium_ursinum","8",4803.52666666666,0.283375,5.10837650793651,196.761776666667
"Allium_scorodoprasum","7",1911.7,0.5105,1.45901333333333,140.13
"Allium_schoenoprasum","4",522.795,0.345,0.930888,92.041
"Allium_carinatum","4",817.467,0.45,1.37802775,46.168
"Allium_paradoxum","7",3215.2,0.35,127.89,75.872
"Allium_vineale","6",691.333333333333,0.55,9.0998,101.166029705
"Allium_sphaerocephalon","3",1214.77266666667,0.535,1.55297817460317,340.114
"Allium_oleraceum","4",770,0.591666666666667,11.3413333333333,145.6422472
"Narcissus_pseudonarcissus","4",2467.75,0.307291666666667,5.32,92.41273817
"Galanthus_nivalis","7",952.07,0.17125,6.517,57.29
"Leucojum_aestivum","7",5558.56,0.49375,47.1138888888889,316.14
"Leucojum_vernum","7",3162.04166666667,0.195833333333333,10.7551,97.032
"Iris_germanica","2",9034.1625,0.5103,51.99166675,828.297333333333
"Iris_sibirica","3",1223.82,0.64375,14.63225,80.568
"Iris_pseudacorus","8",26694.5944444444,1.05416666666667,46.1904866666667,1528.31122155556
"Sisyrinchium_montanum","3",201.824444466667,0.2125,0.817333333333333,11.6433333333333
"Panicum_capillare","6",4567.3,0.354029411764706,0.287979797979798,151.523846153846
"Setaria_pumila","7",2040.8675,0.677337142857143,1.70449825,67.945
"Setaria_viridis","6",668.291518405519,0.455285714285714,1.26873015873016,46.985
"Setaria_italica","7",5006.78496475,1.05752380952381,2.197236,238.738
"Echinochloa_crus-galli","8",1283.94380952381,0.98125,1.50666666666667,66.215434745
"Digitaria_ischaemum","5",221.7845,0.24325,1.6575,8.17333333333333
"Digitaria_sanguinalis","5",307.72,0.4475,0.5095,8.85045454545454
"Sorghum_halepense","7",5610.62,1.190132,3.561937,286
"Cynodon_dactylon","5",249.78,0.202254603222222,0.170709125,5.87533333333333
"Eragrostis_minor","6",75.5260105820106,0.18125,0.08,2.788
"Danthonia_decumbens","2",328.8,0.2472,1.30114583333333,13.7100963085714
"Phragmites_australis","6",3577.19663131837,2.08257925925926,0.391285714285714,323.025072632421
"Molinia_caerulea","3",1492.88287300476,1.0465,0.724637037037037,54.6815614182662
"Festuca_valesiaca","2",60.3748613733333,0.2925,0.48,3.72786684804192
"Vulpia_myuros","3",29.4058479532164,0.288005767333333,0.3988022996337,2.09207852493548
"Vulpia_bromoides","1",32,0.274196428571429,0.42085,3.08097386133333
"Festuca_rubra","5",266.104256249667,0.441978287838705,0.986034179467085,34.7498291101853
"Festuca_pratensis","6",1776.7082840142,0.625950569945355,1.92246448717948,48.9686705478888
"Festuca_pallens","1",139.92,0.115,0.5,24.614
"Festuca_ovina","2",52.5468259685859,0.238676984126984,0.56835098974359,2.48053954466667
"Festuca_arundinacea","6",2199.74689985714,0.869685084555555,2.39351369047619,131.358201046154
"Festuca_gigantea","7",3251.5,1.085,3.0213125,123.0660057
"Festuca_altissima","6",2531.5850625,0.821296296296296,0.816729833333333,55.41
"Lolium_multiflorum","7",923.659177333333,0.815375,2.37000022875817,26.82177515
"Lolium_temulentum","6",1483.1,0.78125,8.575,65.162
"Lolium_perenne","6",564.444480984665,0.439880485537348,1.892179625,21.0489665314286
"Parapholis_strigosa","4",26.067,0.208333333333333,0.68,1.057
"Cynosurus_cristatus","5",980.393200191571,0.380339019189765,0.490517521367521,12.9912515403071
"Dactylis_glomerata","6",1459.34137138283,0.566220634703031,0.888010734476905,62.3253532784378
"Aira_caryophyllea","2",6.98611111111111,0.178886904761905,0.152786666666667,0.383239256133333
"Aira_praecox","2",22.2836363636364,0.0910416666666667,0.1665,0.969732142875
"Deschampsia_flexuosa","3",86.1374830138915,0.364454751082251,0.51674957443609,3.12945364323789
"Corynephorus_canescens","2",32.755,0.1817777778,1.71307777777778,1.559
"Holcus_lanatus","5",579.891330730138,0.569885324077778,0.351341289583333,25.9021934698559
"Holcus_mollis","4",596.181818166667,0.611733333333333,0.31,30.11501273
"Deschampsia_cespitosa","5",1092.13595290596,0.581705454545455,0.246695977192983,37.3105052416325
"Deschampsia_setacea","1",26.47,0.425,0.122866666666667,1.276
"Sesleria_albicans","3",469.06,0.095,0.746666666666667,27.545
"Alopecurus_pratensis","7",1499.30256969697,0.566808644067797,0.697953533333333,39.9009320970985
"Alopecurus_aequalis","8",328.133333333333,0.3904,0.242433,13.116
"Alopecurus_geniculatus","7",294.7875,0.36192,0.35613675,9.44477162285714
"Alopecurus_myosuroides","7",431.5,0.553541333333333,1.60576842857143,21.48647482
"Apera_spica-venti","6",536.75,0.709528439153439,0.10275,43.953436185
"Apera_interrupta","3",175.245714285714,0.292142857142857,0.095,1.15833333333333
"Poa_trivialis","7",1188.13588912265,0.54730482142381,0.165515020833333,107.166469592301
"Poa_palustris","7",267.6,0.795457142857143,0.180002714285714,10.19
"Poa_nemoralis","5",436.27,0.54499375,0.147951688311688,21.7992902308437
"Poa_compressa","3",208.402818181818,0.4032,0.199039142857143,25.7784870121333
"Poa_bulbosa","3",104.4823,0.213507212125,0.728337436507936,2.209
"Poa_annua","8",364.458510666667,0.160887692307692,0.252339710227273,2.59874008181818
"Poa_angustifolia","4",169.666911113333,0.421595238095238,0.205036975,57.41567697
"Poa_alpina","6",159.6395,0.214428928571429,1.1101602,4.27708333333333
"Phleum_pratense","7",983.362804233611,0.722400850309524,0.408579428571429,45.6117973984051
"Phleum_alpinum","4",264.008666666667,0.269320357142857,0.386584375,19.7061121344754
"Phleum_arenarium","3",74.95,0.149616666666667,0.189776666666667,7.7
"Phleum_phleoides","3",313.022222222222,0.3875,0.159074111111111,18.676
"Milium_effusum","6",2392.33666666667,1.015,1.23644444444444,30.7565370485714
"Puccinellia_distans","5",68.6987571428571,0.458333333333333,0.2223875,7.6077860696
"Puccinellia_maritima","5",33.5,0.429444444444444,0.7,2.21
"Catabrosa_aquatica","7",407,0.423333333333333,0.4361,11.611011805
"Agrostis_stolonifera","5",206.467667936633,0.577864166666667,0.0515003095238095,10.8378452915789
"Agrostis_vinealis","2",316,0.34,0.06,7.54435772923077
"Agrostis_canina","2",182.324285714286,0.459533333333333,0.051903,1.60573498971429
"Agrostis_capillaris","2",233.500100690625,0.392877097063187,0.0675442832244009,8.4204983508
"Agrostis_gigantea","6",788.473,0.7406625,0.0845516,10.918
"Ammophila_arenaria","5",2045.255671625,1.204075,4.06219066666667,147.010519
"Calamagrostis_villosa","4",1110.04,0.525,0.1025,46.322
"Calamagrostis_stricta","2",2483.935,0.8447,0.323499,97.562
"Calamagrostis_canescens","5",1860.51111111111,1.19375,0.0728135277777778,36.3399500577778
"Calamagrostis_epigejos","6",2602.98232785238,1.14510204081633,0.0643889166666667,186.212953022222
"Calamagrostis_arundinacea","5",2647.7,1.05,0.433333333333333,123.353636363636
"Briza_media","3",298.657777778125,0.358578125,0.377188893939394,20.3709998816667
"Hierochloe_odorata","3",1597.105,0.48365,1.44383583333333,0.764
"Anthoxanthum_odoratum","4",313.455543335987,0.29381589114011,0.517366666666667,26.0151751556487
"Phalaris_arundinacea","7",3074.49473746667,1.48627222222222,0.717946222222222,85.3202029
"Phalaris_canariensis","7",2839.37,0.693095238095238,5.2,128.674
"Koeleria_glauca","2",154.41,0.0958333333333333,0.139995,12.468
"Koeleria_macrantha","2",206.668291666667,0.266692787524366,0.316919658730159,5.02955409964286
"Trisetum_flavescens","5",293.34705555,0.592591130973215,0.318983673469388,19.4683582755184
"Avena_sativa","7",4477.71223975,1.01558095238095,30.9307238666667,172.25
"Avena_fatua","7",3457.79333333333,1.04565357142857,20.0746147555556,261.28195864
"Arrhenatherum_elatius","7",1147.1221249034,0.990050631329004,2.49474061904762,20.2936528428531
"Leymus_arenarius","4",5488,1.1661,7.8684972,1053.253804
"Hordelymus_europaeus","6",2406.77255,0.92,5.66471111111111,51.1940740740741
"Hordeum_jubatum","6",181,0.533333333333333,1.53783333333333,6.666200466
"Hordeum_marinum","5",176.37,0.278095238095238,0.875,0.772
"Hordeum_secalinum","5",394.5,0.483333333333333,3.9963,14.264796275
"Hordeum_murinum","6",254.63480238123,0.366974206349207,4.45303833333333,7.6351799979505
"Bromus_squarrosus","3",1376.66,0.452678571428571,3.18,48.284
"Bromus_japonicus","5",375.98,0.504761904761905,2.48072222222222,13.572
"Bromus_arvensis","6",1152.954,0.622466666666667,2.07183166666667,47.56
"Bromus_secalinus","5",1168.855,0.919166666666667,10.350878125,106.792
"Bromus_hordeaceus","5",209.9783577775,0.359348263888889,2.21108461029412,5.87541415434031
"Bromus_commutatus","5",2045.285,0.763666666666667,4.92337222222222,32.722
"Bromus_racemosus","5",1368.95,0.709375,4.59848292857143,86.34
"Bromus_tectorum","5",278.984761157727,0.424352622046382,2.93217444871795,13.1387569985013
"Bromus_sterilis","7",1350.84444444444,0.493645454545455,7.18743809523809,15.3283663008571
"Bromus_inermis","6",1633.89831460765,0.819208227363636,3.30329858333334,66.8985365854006
"Bromus_erectus","4",369.314,0.580975,3.95765213960114,35.0976483021806
"Bromus_ramosus","6",3793.33333333333,1.39444444444444,6.60682142857143,198.4402745
"Bromus_benekenii","6",251.98,1.1,5.2442,11.362
"Brachypodium_sylvaticum","7",2371.07274073401,0.613557142857143,2.36931,21.9573500384211
"Brachypodium_pinnatum","4",1181.91950277778,0.485569444444444,2.7864291875,64.3743885096288
"Melica_nutans","4",421.097904766667,0.479166666666667,2.30508566666667,12.913034905
"Melica_ciliata","2",226.225833333333,0.415,0.715870111111111,10.9316144200627
"Melica_uniflora","6",458.118912850894,0.332610185185185,2.80554,8.49340659340659
"Glyceria_maxima","8",5491.688889,1.46666666666667,0.417666666666667,216.673315777778
"Glyceria_declinata","6",376,0.4475,1.10226666666667,11.6534675466667
"Glyceria_fluitans","6",2097.10555555556,0.8,1.19925,29.49387922
"Stipa_capillata","2",494.068333333333,0.6375,7.54933333333333,70.774
"Nardus_stricta","2",155.00671868963,0.254154549319728,0.39145,13.1247554162963
"Leersia_oryzoides","8",670.766666666667,0.988837333333333,2.69107428571429,25.7633333333333
"Carex_vulpina","6",1772.47746376812,0.74828125,1.39088,106.806
"Carex_pilosa","6",4141.944,0.458333333333333,3.30666666666667,167.672
"Carex_ornithopoda","3",369.161012344444,0.0738333333333333,0.839733333333333,18.606
"Carex_laevigata","5",3555,0.975,1.48293333333333,217.5054648
"Carex_humilis","3",223.76,0.0896,1.3118866,6.47
"Carex_frigida","2",333.83,0.185,0.31,13.83
"Carex_digitata","6",463.628571428571,0.13,1.27583333333333,19.4259501857143
"Carex_davalliana","2",76.962,0.208333333333333,0.8385,7.41
"Carex_cespitosa","5",1009.58055554722,0.425,0.63,105.301
"Carex_brizoides","4",1263.57,0.466666666666667,0.30475,46.97
"Carex_appropinquata","4",419.573888888889,0.55,0.907,39.674
"Carex_alba","4",121.536,0.15,2.01,5.834
"Carex_umbrosa","4",519.784,0.3125,0.483,24.1981818181818
"Carex_rostrata","3",2365.86857142857,0.661133333333333,1.17414,80.2605316835829
"Carex_hirta","5",675.538571428571,0.400555555555556,2.74,53.61664637625
"Carex_vesicaria","5",2189.83,0.794066666666667,1.31232333333333,126.934
"Carex_riparia","7",7002.35714285714,1.1625,2.47805,945.182857142857
"Carex_pseudocyperus","6",3135.87,0.725,0.975,157.108
"Carex_lasiocarpa","2",725.457,0.83125,3.00043888888889,80.7711873770877
"Carex_acuta","6",2440.27333333333,0.91,1.25,138.802
"Carex_elata","5",2937.685,0.78924,0.73455,318.69
"Carex_aquatilis","4",1302.64708888889,0.503993333333334,0.350702380952381,119.577857144476
"Carex_nigra","2",580.444166666667,0.381357142857143,0.7933,26.046476465095
"Carex_trinervis","2",960.08,0.25,0.276562666666667,52.9273333333333
"Carex_bigelowii","2",566.793930288462,0.196510476190476,0.669863636363636,28.6454545454545
"Carex_limosa","2",203.54,0.384728,1.59,3.49
"Carex_magellanica","2",270.185,0.255833333333333,1.33783333333333,8.726
"Carex_pilulifera","3",319.50285714,0.188,1.14018816666667,13.4998400554102
"Carex_capillaris","2",31.74,0.313632,0.59,2.556
"Carex_buxbaumii","3",3503.3875,0.625,0.860916666666665,401.99
"Carex_atrata","2",395.883333333333,0.30375,0.576,27.0471428571429
"Carex_norvegica","2",213.3273,0.191875,0.291666666666667,7.13181818181818
"Carex_sylvatica","6",1449.142725,0.409714285714286,1.45060952380952,49.5263975833333
"Carex_sempervirens","3",368.88,0.1436421875,0.933333333333333,28.1771428571429
"Carex_panicea","4",474.148,0.2925,2.23431666666667,16.3524742651642
"Carex_vaginata","2",933.9608,0.285,1.822025,31.3608244620282
"Carex_pallescens","4",1087.56666666667,0.442928571428571,1.044125,109.108
"Carex_acutiformis","5",5098.5,0.96,0.963385416666667,424.224285714286
"Carex_pendula","6",12540,1.08333333333333,0.6567,1029.6398723
"Carex_flava","3",1761.6,0.479166666666667,1.03051666666667,20.046
"Carex_hostiana","2",216.19,0.36125,1.58242820512821,7.26
"Carex_strigosa","7",2683.33928571429,0.615,0.555288888888889,61.1042857142857
"Carex_punctata","3",555.675,0.49625,1.13535873015873,28.28
"Carex_extensa","4",922.768,0.233888888888889,1.22114666666667,12.306
"Carex_distans","5",314.12,0.444583333333333,1.41441666666667,15.3733333333333
"Carex_elongata","6",2121.899,0.825,0.576761904761905,26.894
"Carex_dioica","2",32,0.1725,0.732141666666667,2.42083333333333
"Carex_muricata","5",488.566666666667,0.619444444444444,1.61984728632479,23.268984445
"Carex_spicata","5",308.267,0.5375,2.279145,14.2783333333333
"Carex_divulsa","6",1403.7,0.545,1.762425,42.36
"Carex_arenaria","2",441.6587205,0.230268888888889,0.99405,62.5590920333333
"Carex_remota","7",316,0.670666666666667,0.452183333333333,12.81434932
"Carex_paniculata","5",3162,0.925,0.767111111111111,235.907224571429
"Carex_chordorrhiza","2",211.625,0.2125,1.43316666666667,4.918
"Carex_echinata","3",267,0.31144,0.813870588235294,15.3740942045
"Carex_disticha","6",2056.195,0.58125,0.718633333333333,35.466
"Carex_pulicaris","2",42.317,0.18125,1.65499285714286,10.8387218057143
"Carex_pauciflora","1",181.655,0.15,0.710581666666667,2.834
"Carex_capitata","1",8900,0.143333333333333,1.975,668.315907820819
"Scirpus_sylvaticus","5",7703.65714285714,0.915,0.13,337.735858914286
"Eriophorum_angustifolium","2",2157.78399996667,0.25539292929293,0.9535232,98.2372191366706
"Eriophorum_vaginatum","1",440.35968755,0.395833333333333,0.860391666666667,45.2947689311111
"Eriophorum_latifolium","2",390.112,0.41125,0.725162962962963,24.22
"Blysmus_compressus","3",276.005,0.25875,0.7162,18.0966666666667
"Blysmus_rufus","4",46.05,0.286666666666667,1.0592,4.658
"Cyperus_fuscus","6",167.1,0.146666666666667,0.0524458333333333,4.106
"Cyperus_longus","5",1229.686,0.982321428571429,0.14,55.984
"Bolboschoenus_maritimus","7",1817.952,0.81884,2.78066666666667,136.583333333333
"Eleocharis_multicaulis","2",180.39,0.291666666666667,0.233,22.65
"Eleocharis_acicularis","4",13.684,0.11334,0.16655525,0.2
"Eleocharis_quinqueflora","2",58.444,0.19375,0.9366,6.232
"Rhynchospora_fusca","2",213.83,0.21875,0.5294,17.651
"Rhynchospora_alba","2",301.03,0.283333333333333,0.4194,16.778
"Schoenus_ferrugineus","2",98.1455,0.26875,0.2145,15.633
"Schoenus_nigricans","2",787.227272727273,0.4625,50.33928,112.444705882353
"Cladium_mariscus","4",31623,2.17468,1.88847106666667,186.28
"Juncus_tenageia","4",41.768,0.115,0.016,1.326
"Juncus_sphaerocarpus","3",26.5,0.09,0.01,0.9
"Juncus_atratus","4",540.25,0.625,0.0227916666666667,49.998
"Juncus_ranarius","5",13.008,0.16625,0.022,0.534
"Juncus_bufonius","5",56.25,0.246316666666667,0.0221257083333333,4.5513273475
"Juncus_filiformis","3",665.73,0.2875,0.0576925,66.998
"Juncus_tenuis","5",266.3,0.422965873015873,0.0152416666666667,14.282
"Juncus_compressus","5",315,0.28125,0.0112547619047619,27.89433962
"Juncus_effusus","4",1521.46745202586,0.94366275862069,0.0191594472222222,120.392647058824
"Juncus_conglomeratus","4",2431.19,0.8675,0.0196266666666667,492.094
"Juncus_inflexus","5",2269.647,0.635,0.0281103794871795,661.591
"Juncus_squarrosus","2",192.875,0.257614285714286,0.0707966666666667,11.354
"Juncus_bulbosus","3",26.9475,0.148392857142857,0.0189428571428571,1.591
"Juncus_acutiflorus","3",1200,0.69375,0.0121171428571429,174.6666667
"Juncus_articulatus","4",337.293971845333,0.438942857142857,0.0198,89.6876105254545
"Juncus_subnodulosus","3",904.078365575,0.763,0.0124116666666667,439.484897471804
"Juncus_maritimus","6",1112.2,0.766666666666667,0.030332,434.266
"Juncus_trifidus","2",39.4222383333333,0.1775,0.147176388888889,10.9656276447643
"Luzula_forsteri","2",390.369070709091,0.250133333333333,1.14583333333333,13.5
"Luzula_pilosa","4",490,0.23,0.921493333333333,26.46637744
"Luzula_spicata","2",85.294467925,0.175374285714286,0.276095238095238,9.062
"Luzula_sylvatica","4",2094.975575,0.364241758241758,0.713591666666667,53.9272838
"Luzula_campestris","3",186.050416666667,0.168928571428571,0.650051645021645,3.56222222222222
"Luzula_sudetica","2",241.996,0.175,0.301666666666667,7.11866666666667
"Luzula_multiflora","3",232.11,0.244,0.936535,15.9077364635906
"Sparganium_emersum","7",3002.5,0.377777777777778,4.92628888888889,100.6118895
"Sparganium_erectum","7",12870.4055555556,1.03958333333333,18.755,918.5615297
"Typha_latifolia","8",35171.7444444444,1.8548,0.061325,1716.7263252
"Typha_angustifolia","7",5970.18571428571,1.998704,0.148666666666667,1194.34
"Streptopus_amplexifolius","6",3500.11111111111,0.625,2.34854377777778,76.1111111024367
"Lilium_martagon","6",3173.25,0.695426666666667,6.70375,141.063020533333
"Lilium_bulbiferum","4",512.242,0.5625,7.4,28.92
"Fritillaria_meleagris","5",590.277142857143,0.241666666666667,2.06273933333333,33.0894937016667
"Gagea_lutea","7",1896.5,0.205,3.16825,26.393523
"Paris_quadrifolia","7",2073.6691666875,0.305,4.63381828571429,37.85083333
"Veratrum_album","6",20200,0.85125,3.63,488.39
"Arum_maculatum","8",6829.33333333333,0.330666666666667,52.0813808,317.9066447
"Calla_palustris","5",7961.33333333333,0.15,2.15775,390.59
"Potamogeton_nodosus","6",3071.3275,0.76,3.83,97.6235
"Potamogeton_perfoliatus","5",462.614,3,3.62546666666667,7.302
"Potamogeton_alpinus","4",579.702083333333,0.585,2.32528333333333,10.002
"Potamogeton_lucens","7",2736.65,1.8,5.27773333333333,36.284
"Potamogeton_gramineus","5",431.852857142857,0.385,2.49,13.584
"Potamogeton_berchtoldii","6",36.5,0.55,0.8844,0.55
"Potamogeton_pusillus","6",32.5,0.55,0.896666666666667,0.391333333333333
"Potamogeton_acutifolius","6",101.76,0.45,3.1,1.538
"Potamogeton_obtusifolius","6",246.871,0.6,2.9,2.632
"Potamogeton_natans","6",1931.125,0.435,5.41534,108.006143892857
"Potamogeton_polygonifolius","3",2169.19833333333,0.06,1.16705,25.4841666666667
"Zannichellia_palustris","8",22.886,0.55,0.912466666666667,0.591549296
"Groenlandia_densa","5",200.73,0.35,2.21284444444444,0.842
"Scheuchzeria_palustris","1",594.216,0.18,7.201,58.317
"Sagittaria_latifolia","7",6075,0.89784,6.75968,46.7366666666667
"Sagittaria_sagittifolia","6",3816.6280952381,0.53952380952381,1.4891,350.252
"Alisma_plantago-aquatica","8",17179.7907407407,0.676011111111111,0.334542045454546,612.710287014286
"Alisma_lanceolatum","7",1850.8532,0.66875,0.439988888888889,69.8955555555556
"Baldellia_ranunculoides","2",371.5,0.141666666666667,0.468725,19.6
"Luronium_natans","3",314.61675,0.02,0.37,6.47257142857143
"Najas_marina","6",41.37,0.55,4.21333333333333,1.348
"Hydrocharis_morsus-ranae","6",2199.115,0.139166666666667,0.17,36.5953333333333
"Butomus_umbellatus","7",6070.7,1.2375,0.1888,565.077647058824
"Tofieldia_pusilla","1",42.7202273809524,0.140833333333333,0.0362638888888889,2.73777777777778
"Tofieldia_calyculata","2",248.27,0.1425,0.0391111666666667,15.856
"Acorus_calamus","7",13497.1857142857,1.16236,3.7937,753.471428571429
"Aristolochia_clematitis","7",5891.635,0.565,32.4534166666667,535.437
"Asarum_europaeum","6",2300.14968266667,0.116666666666667,3.5623333125,118.582
"Nymphaea_alba","6",177785,0.693333333333333,1.94,2682.7
"Nuphar_lutea","7",29172.625,0.693333333333333,315.656166666667,1647.12255057143
